Timestamp,Prediction
2025-10-23 23:30:00,-4.709649e-06
2025-10-23 23:45:00,-7.439532e-05
2025-10-24 00:00:00,-7.439532e-05
2025-10-24 00:15:00,-4.709649e-06
2025-10-24 00:30:00,-8.177595e-05
2025-10-24 00:45:00,-8.177595e-05
2025-10-24 01:00:00,-1.209028e-05
2025-10-24 01:15:00,0.00025340376
2025-10-24 01:30:00,-7.095277e-05
2025-10-24 01:45:00,-8.177595e-05
2025-10-24 02:00:00,7.704415e-06
2025-10-24 02:15:00,2.018982e-06
2025-10-24 02:30:00,-8.177595e-05
2025-10-24 02:45:00,-4.709649e-06
2025-10-24 03:00:00,3.237606e-05
2025-10-24 03:15:00,2.7186148e-05
2025-10-24 03:30:00,2.8985667e-05
2025-10-24 03:45:00,-5.4939665e-05
2025-10-24 04:00:00,-8.177595e-05
2025-10-24 04:15:00,-8.177595e-05
2025-10-24 04:30:00,-8.177595e-05
2025-10-24 04:45:00,-8.177595e-05
2025-10-24 05:00:00,-4.709649e-06
2025-10-24 05:15:00,2.3795754e-05
2025-10-24 05:30:00,-4.393392e-05
2025-10-24 05:45:00,-4.2447362e-05
2025-10-24 06:00:00,-1.3576838e-05
2025-10-24 06:15:00,-4.393392e-05
2025-10-24 06:30:00,-4.2447362e-05
2025-10-24 06:45:00,-4.2447362e-05
2025-10-24 07:00:00,0.00026266216
2025-10-24 07:15:00,-1.2038119e-05
2025-10-24 07:30:00,0.0002628708
2025-10-24 07:45:00,4.4444187e-06
2025-10-24 08:00:00,8.193036e-07
2025-10-24 08:15:00,0.00027442424
2025-10-24 08:30:00,-2.2842123e-06
2025-10-24 08:45:00,-1.0708041e-05
2025-10-24 09:00:00,-4.2447362e-05
2025-10-24 09:15:00,-4.2447362e-05
2025-10-24 09:30:00,-1.209028e-05
2025-10-24 09:45:00,2.018982e-06
2025-10-24 10:00:00,2.0248877e-05
2025-10-24 10:15:00,0.00026686103
2025-10-24 10:30:00,-2.1400829e-05
2025-10-24 10:45:00,2.8933508e-05
2025-10-24 11:00:00,-5.0558232e-05
2025-10-24 11:15:00,4.4007727e-05
2025-10-24 11:30:00,5.871683e-05
2025-10-24 11:45:00,-3.488417e-05
2025-10-24 12:00:00,-5.0558232e-05
2025-10-24 12:15:00,0.00023564333
2025-10-24 12:30:00,3.6731417e-05
2025-10-24 12:45:00,0.00019754049
2025-10-24 13:00:00,1.9961999e-05
2025-10-24 13:15:00,-3.1709312e-06
2025-10-24 13:30:00,0.00026975592
2025-10-24 13:45:00,-6.0658076e-06
2025-10-24 14:00:00,0.0002561161
2025-10-24 14:15:00,0.000286421
2025-10-24 14:30:00,3.3490603e-06
2025-10-24 14:45:00,-2.4295705e-05
2025-10-24 15:00:00,-7.183948e-05
2025-10-24 15:15:00,-6.2633255e-05
2025-10-24 15:30:00,0.00029171526
2025-10-24 15:45:00,8.224096e-05
2025-10-24 16:00:00,8.458815e-05
2025-10-24 16:15:00,-0.00010537832
2025-10-24 16:30:00,0.00026680887
2025-10-24 16:45:00,-0.00010537832
2025-10-24 17:00:00,-1.3263878e-05
2025-10-24 17:15:00,-9.7267446e-05
2025-10-24 17:30:00,0.00018499602
2025-10-24 17:45:00,3.3132383e-05
2025-10-24 18:00:00,-8.177595e-05
2025-10-24 18:15:00,-4.2447362e-05
2025-10-24 18:30:00,-4.2447362e-05
2025-10-24 18:45:00,-3.506673e-05
2025-10-24 19:00:00,-4.2447362e-05
2025-10-24 19:15:00,-4.2447362e-05
2025-10-24 19:30:00,0.00019211585
2025-10-24 19:45:00,6.35677e-05
2025-10-24 20:00:00,-1.8975392e-05
2025-10-24 20:15:00,-4.393392e-05
2025-10-24 20:30:00,-4.2447362e-05
2025-10-24 20:45:00,-4.2447362e-05
2025-10-24 21:00:00,0.00023845995
2025-10-24 21:15:00,-4.2447362e-05
2025-10-24 21:30:00,-4.2447362e-05
2025-10-24 21:45:00,-4.2447362e-05
2025-10-24 22:00:00,0.00019540192
2025-10-24 22:15:00,-4.393392e-05
2025-10-24 22:30:00,-1.7567074e-05
2025-10-24 22:45:00,-1.7567074e-05
2025-10-24 23:00:00,3.9600214e-05
2025-10-24 23:15:00,-4.393392e-05
2025-10-24 23:30:00,5.6701774e-06
2025-10-24 23:45:00,-2.812946e-05
2025-10-25 00:00:00,5.3031396e-05
2025-10-25 00:15:00,5.3031396e-05
2025-10-25 00:30:00,6.2237625e-05
2025-10-25 00:45:00,3.48015e-05
2025-10-25 01:00:00,-1.5767555e-05
2025-10-25 01:15:00,-4.2447362e-05
2025-10-25 01:30:00,1.4641685e-05
2025-10-25 01:45:00,-3.506673e-05
2025-10-25 02:00:00,8.956254e-06
2025-10-25 02:15:00,-2.0070749e-05
2025-10-25 02:30:00,1.1068731e-05
2025-10-25 02:45:00,-3.506673e-05
2025-10-25 03:00:00,-3.506673e-05
2025-10-25 03:15:00,-3.506673e-05
2025-10-25 03:30:00,-3.506673e-05
2025-10-25 03:45:00,8.956254e-06
2025-10-25 04:00:00,-4.2447362e-05
2025-10-25 04:15:00,3.6731417e-05
2025-10-25 04:30:00,-1.209028e-05
2025-10-25 04:45:00,2.018982e-06
2025-10-25 05:00:00,2.7186148e-05
2025-10-25 05:15:00,-2.4686904e-05
2025-10-25 05:30:00,-3.506673e-05
2025-10-25 05:45:00,-4.2447362e-05
2025-10-25 06:00:00,-1.209028e-05
2025-10-25 06:15:00,8.956254e-06
2025-10-25 06:30:00,-3.639681e-05
2025-10-25 06:45:00,-3.3013312e-06
2025-10-25 07:00:00,-4.2447362e-05
2025-10-25 07:15:00,-4.2447362e-05
2025-10-25 07:30:00,-1.3576838e-05
2025-10-25 07:45:00,2.018982e-06
2025-10-25 08:00:00,-4.393392e-05
2025-10-25 08:15:00,-4.2447362e-05
2025-10-25 08:30:00,-1.3576838e-05
2025-10-25 08:45:00,-4.2447362e-05
2025-10-25 09:00:00,-1.3576838e-05
2025-10-25 09:15:00,5.5658575e-06
2025-10-25 09:30:00,-4.0491363e-05
2025-10-25 09:45:00,0.0002485529
2025-10-25 10:00:00,7.5381926e-05
2025-10-25 10:15:00,-3.9794104e-06
2025-10-25 10:30:00,-5.0558232e-05
2025-10-25 10:45:00,2.3665354e-05
2025-10-25 11:00:00,2.637767e-05
2025-10-25 11:15:00,-2.812946e-05
2025-10-25 11:30:00,7.652255e-06
2025-10-25 11:45:00,1.5085045e-05
2025-10-25 12:00:00,-2.812946e-05
2025-10-25 12:15:00,-3.506673e-05
2025-10-25 12:30:00,-3.506673e-05
2025-10-25 12:45:00,6.791616e-06
2025-10-25 13:00:00,7.704415e-06
2025-10-25 13:15:00,-1.6061333e-06
2025-10-25 13:30:00,0.00026920825
2025-10-25 13:45:00,-2.1400829e-05
2025-10-25 14:00:00,-2.812946e-05
2025-10-25 14:15:00,1.46938455e-05
2025-10-25 14:30:00,2.8933508e-05
2025-10-25 14:45:00,4.940628e-05
2025-10-25 15:00:00,0.000265218
2025-10-25 15:15:00,4.7919722e-05
2025-10-25 15:30:00,-3.373665e-05
2025-10-25 15:45:00,4.5389967e-05
2025-10-25 16:00:00,0.0002485529
2025-10-25 16:15:00,7.822464e-05
2025-10-25 16:30:00,-1.2976998e-05
2025-10-25 16:45:00,-8.0263315e-05
2025-10-25 17:00:00,-8.988682e-05
2025-10-25 17:15:00,7.886974e-06
2025-10-25 17:30:00,2.3378474e-05
2025-10-25 17:45:00,-7.082237e-05
2025-10-25 18:00:00,-6.745805e-05
2025-10-25 18:15:00,-4.2447362e-05
2025-10-25 18:30:00,-4.2447362e-05
2025-10-25 18:45:00,-4.2447362e-05
2025-10-25 19:00:00,1.4433045e-05
2025-10-25 19:15:00,-2.6225622e-05
2025-10-25 19:30:00,-1.2670937e-06
2025-10-25 19:45:00,-6.4117455e-07
2025-10-25 20:00:00,1.4354806e-05
2025-10-25 20:15:00,3.438422e-05
2025-10-25 20:30:00,6.3332984e-05
2025-10-25 20:45:00,5.3031396e-05
2025-10-25 21:00:00,6.556896e-06
2025-10-25 21:15:00,4.940628e-05
2025-10-25 21:30:00,4.940628e-05
2025-10-25 21:45:00,-1.9105792e-05
2025-10-25 22:00:00,2.1057356e-05
2025-10-25 22:15:00,-2.812946e-05
2025-10-25 22:30:00,-4.2447362e-05
2025-10-25 22:45:00,-4.2447362e-05
2025-10-25 23:00:00,-4.709649e-06
2025-10-25 23:15:00,-4.709649e-06
2025-10-25 23:30:00,8.956254e-06
2025-10-25 23:45:00,-3.506673e-05
2025-10-26 00:00:00,8.956254e-06
2025-10-26 00:15:00,-4.2447362e-05
2025-10-26 00:30:00,-4.2447362e-05
2025-10-26 00:45:00,6.3743364e-06
2025-10-26 01:00:00,-3.9056966e-05
2025-10-26 01:15:00,8.956254e-06
2025-10-26 01:30:00,-3.2119693e-05
2025-10-26 01:45:00,5.8925467e-05
2025-10-26 02:00:00,5.3031396e-05
2025-10-26 02:15:00,-2.2704826e-05
2025-10-26 02:30:00,4.4007727e-05
2025-10-26 02:45:00,6.361986e-05
2025-10-26 03:00:00,-1.125572e-05
2025-10-26 03:15:00,-2.3904504e-05
2025-10-26 03:30:00,0.0002485529
2025-10-26 03:45:00,6.901842e-05
2025-10-26 04:00:00,-4.1612802e-05
2025-10-26 04:15:00,-4.0830404e-05
2025-10-26 04:30:00,-5.843438e-05
2025-10-26 04:45:00,-5.87995e-05
2025-10-26 05:00:00,-6.745805e-05
2025-10-26 05:15:00,-6.745805e-05
2025-10-26 05:30:00,-4.2447362e-05
2025-10-26 05:45:00,-3.506673e-05
2025-10-26 06:00:00,-3.3013312e-06
2025-10-26 06:15:00,-3.506673e-05
2025-10-26 06:30:00,-8.699883e-06
2025-10-26 06:45:00,-3.3658413e-05
2025-10-26 07:00:00,-3.506673e-05
2025-10-26 07:15:00,3.3490603e-06
2025-10-26 07:30:00,-2.0070749e-05
2025-10-26 07:45:00,-3.506673e-05
2025-10-26 08:00:00,-4.2447362e-05
2025-10-26 08:15:00,-1.3576838e-05
2025-10-26 08:30:00,-4.393392e-05
2025-10-26 08:45:00,2.018982e-06
2025-10-26 09:00:00,1.4354806e-05
2025-10-26 09:15:00,8.6544154e-05
2025-10-26 09:30:00,0.00027218135
2025-10-26 09:45:00,6.124659e-05
2025-10-26 10:00:00,1.6571603e-05
2025-10-26 10:15:00,-6.848206e-06
2025-10-26 10:30:00,-4.5263998e-05
2025-10-26 10:45:00,-4.393392e-05
2025-10-26 11:00:00,-4.393392e-05
2025-10-26 11:15:00,-4.2447362e-05
2025-10-26 11:30:00,-4.129984e-05
2025-10-26 11:45:00,-2.758178e-05
2025-10-26 12:00:00,-5.793886e-05
2025-10-26 12:15:00,-2.758178e-05
2025-10-26 12:30:00,0.00017991044
2025-10-26 12:45:00,-5.269679e-05
2025-10-26 13:00:00,0.00022354221
2025-10-26 13:15:00,-5.793886e-05
2025-10-26 13:30:00,-5.793886e-05
2025-10-26 13:45:00,-1.6654274e-05
2025-10-26 14:00:00,-5.942542e-05
2025-10-26 14:15:00,1.0801032e-06
2025-10-26 14:30:00,-5.793886e-05
2025-10-26 14:45:00,0.00026555703
2025-10-26 15:00:00,3.44103e-05
2025-10-26 15:15:00,3.7878934e-05
2025-10-26 15:30:00,2.8516228e-05
2025-10-26 15:45:00,-6.604973e-05
2025-10-26 16:00:00,0.0002365822
2025-10-26 16:15:00,6.361986e-05
2025-10-26 16:30:00,-5.0558232e-05
2025-10-26 16:45:00,3.2063104e-05
2025-10-26 17:00:00,-4.2447362e-05
2025-10-26 17:15:00,-2.812946e-05
2025-10-26 17:30:00,2.1370317e-05
2025-10-26 17:45:00,7.6164324e-05
2025-10-26 18:00:00,-3.2119693e-05
2025-10-26 18:15:00,1.46938455e-05
2025-10-26 18:30:00,-4.2447362e-05
2025-10-26 18:45:00,-1.1366939e-06
2025-10-26 19:00:00,8.956254e-06
2025-10-26 19:15:00,-3.506673e-05
2025-10-26 19:30:00,5.331138e-06
2025-10-26 19:45:00,1.1068731e-05
2025-10-26 20:00:00,3.438422e-05
2025-10-26 20:15:00,0.00027442424
2025-10-26 20:30:00,-5.1653587e-05
2025-10-26 20:45:00,0.00025345595
2025-10-26 21:00:00,-3.577089e-05
2025-10-26 21:15:00,0.000239451
2025-10-26 21:30:00,-9.0910835e-06
2025-10-26 21:45:00,-3.3919212e-05
2025-10-26 22:00:00,8.6544154e-05
2025-10-26 22:15:00,0.0001225345
2025-10-26 22:30:00,-0.00011007271
2025-10-26 22:45:00,-0.00011007271
2025-10-26 23:00:00,0.00019540192
2025-10-26 23:15:00,2.1292077e-05
2025-10-26 23:30:00,-0.00012705078
2025-10-26 23:45:00,-2.9068338e-05
2025-10-27 00:00:00,-5.793886e-05
2025-10-27 00:15:00,-5.793886e-05
2025-10-27 00:30:00,-5.793886e-05
2025-10-27 00:45:00,0.00019814033
2025-10-27 01:00:00,-0.00012556421
2025-10-27 01:15:00,-5.793886e-05
2025-10-27 01:30:00,-5.793886e-05
2025-10-27 01:45:00,-5.793886e-05
2025-10-27 02:00:00,-5.942542e-05
2025-10-27 02:15:00,0.000255438
2025-10-27 02:30:00,-2.752962e-05
2025-10-27 02:45:00,0.00026555703
2025-10-27 03:00:00,-6.604973e-05
2025-10-27 03:15:00,0.0002183523
2025-10-27 03:30:00,4.4007727e-05
2025-10-27 03:45:00,1.6017026e-06
2025-10-27 04:00:00,-4.2447362e-05
2025-10-27 04:15:00,-1.209028e-05
2025-10-27 04:30:00,-4.2447362e-05
2025-10-27 04:45:00,-1.3576838e-05
2025-10-27 05:00:00,-4.2447362e-05
2025-10-27 05:15:00,-4.2447362e-05
2025-10-27 05:30:00,-4.2447362e-05
2025-10-27 05:45:00,-1.7567074e-05
2025-10-27 06:00:00,4.157539e-06
2025-10-27 06:15:00,6.791616e-06
2025-10-27 06:30:00,-1.3576838e-05
2025-10-27 06:45:00,6.124659e-05
2025-10-27 07:00:00,0.00026785207
2025-10-27 07:15:00,-8.519243e-05
2025-10-27 07:30:00,0.0002499873
2025-10-27 07:45:00,7.5381926e-05
2025-10-27 08:00:00,7.5381926e-05
2025-10-27 08:15:00,0.0002561161
2025-10-27 08:30:00,1.49024845e-05
2025-10-27 08:45:00,0.000265218
2025-10-27 09:00:00,-0.000102639926
2025-10-27 09:15:00,-3.1024334e-05
2025-10-27 09:30:00,-6.2633255e-05
2025-10-27 09:45:00,3.7279096e-05
2025-10-27 10:00:00,-6.745805e-05
2025-10-27 10:15:00,-4.2447362e-05
2025-10-27 10:30:00,-4.709649e-06
2025-10-27 10:45:00,-3.506673e-05
2025-10-27 11:00:00,-1.2670937e-06
2025-10-27 11:15:00,3.9600214e-05
2025-10-27 11:30:00,-3.506673e-05
2025-10-27 11:45:00,5.6701774e-06
2025-10-27 12:00:00,4.6589645e-05
2025-10-27 12:15:00,-4.8367514e-05
2025-10-27 12:30:00,0.0002485529
2025-10-27 12:45:00,7.282609e-05
2025-10-27 13:00:00,-2.8964017e-05
2025-10-27 13:15:00,2.4082632e-05
2025-10-27 13:30:00,0.0002485529
2025-10-27 13:45:00,2.8620547e-05
2025-10-27 14:00:00,0.00026819113
2025-10-27 14:15:00,2.1657195e-05
2025-10-27 14:30:00,6.361986e-05
2025-10-27 14:45:00,4.5389967e-05
2025-10-27 15:00:00,-8.988682e-05
2025-10-27 15:15:00,-8.988682e-05
2025-10-27 15:30:00,2.710791e-05
2025-10-27 15:45:00,1.797992e-05
2025-10-27 16:00:00,-4.2447362e-05
2025-10-27 16:15:00,-4.2447362e-05
2025-10-27 16:30:00,-4.2447362e-05
2025-10-27 16:45:00,-4.2447362e-05
2025-10-27 17:00:00,-4.2447362e-05
2025-10-27 17:15:00,0.00022249902
2025-10-27 17:30:00,-0.00011007271
2025-10-27 17:45:00,-4.2447362e-05
2025-10-27 18:00:00,-4.2447362e-05
2025-10-27 18:15:00,0.00028848133
2025-10-27 18:30:00,-1.2038119e-05
2025-10-27 18:45:00,8.458815e-05
2025-10-27 19:00:00,5.3031396e-05
2025-10-27 19:15:00,0.0002628708
2025-10-27 19:30:00,7.303473e-05
2025-10-27 19:45:00,6.9357455e-05
2025-10-27 20:00:00,0.000265218
2025-10-27 20:15:00,7.3530246e-05
2025-10-27 20:30:00,6.361986e-05
2025-10-27 20:45:00,0.000265218
2025-10-27 21:00:00,8.458815e-05
2025-10-27 21:15:00,0.0002628708
2025-10-27 21:30:00,-2.4295705e-05
2025-10-27 21:45:00,-4.6515834e-05
2025-10-27 22:00:00,-8.7330984e-05
2025-10-27 22:15:00,1.25813685e-05
2025-10-27 22:30:00,0.000265218
2025-10-27 22:45:00,7.303473e-05
2025-10-27 23:00:00,7.5381926e-05
2025-10-27 23:15:00,4.090421e-05
2025-10-27 23:30:00,-4.7898073e-05
2025-10-27 23:45:00,1.25813685e-05
2025-10-28 00:00:00,1.7797362e-05
2025-10-28 00:15:00,-8.988682e-05
2025-10-28 00:30:00,0.00024286746
2025-10-28 00:45:00,5.3031396e-05
2025-10-28 01:00:00,-8.988682e-05
2025-10-28 01:15:00,-8.177595e-05
2025-10-28 01:30:00,-4.2447362e-05
2025-10-28 01:45:00,-1.209028e-05
2025-10-28 02:00:00,0.00025340376
2025-10-28 02:15:00,5.856035e-05
2025-10-28 02:30:00,0.00027207704
2025-10-28 02:45:00,-1.6654274e-05
2025-10-28 03:00:00,0.000265218
2025-10-28 03:15:00,-3.2406573e-05
2025-10-28 03:30:00,5.4596192e-05
2025-10-28 03:45:00,-3.2406573e-05
2025-10-28 04:00:00,-3.3162894e-05
2025-10-28 04:15:00,4.072165e-05
2025-10-28 04:30:00,-3.7726888e-05
2025-10-28 04:45:00,-6.745805e-05
2025-10-28 05:00:00,4.799796e-05
2025-10-28 05:15:00,-6.745805e-05
2025-10-28 05:30:00,0.00027442424
2025-10-28 05:45:00,5.871683e-05
2025-10-28 06:00:00,-5.843438e-05
2025-10-28 06:15:00,-8.988682e-05
2025-10-28 06:30:00,-4.2447362e-05
2025-10-28 06:45:00,-4.2447362e-05
2025-10-28 07:00:00,-4.2447362e-05
2025-10-28 07:15:00,-4.2447362e-05
2025-10-28 07:30:00,-1.3576838e-05
2025-10-28 07:45:00,-1.2670937e-06
2025-10-28 08:00:00,2.0248877e-05
2025-10-28 08:15:00,-4.2447362e-05
2025-10-28 08:30:00,-4.2447362e-05
2025-10-28 08:45:00,-4.2447362e-05
2025-10-28 09:00:00,-1.0134282e-05
2025-10-28 09:15:00,0.0002612017
2025-10-28 09:30:00,-4.2447362e-05
2025-10-28 09:45:00,-4.2447362e-05
2025-10-28 10:00:00,-1.3576838e-05
2025-10-28 10:15:00,-4.393392e-05
2025-10-28 10:30:00,-1.6941154e-05
2025-10-28 10:45:00,-4.393392e-05
2025-10-28 11:00:00,8.9064514e-08
2025-10-28 11:15:00,-3.389313e-05
2025-10-28 11:30:00,8.956254e-06
2025-10-28 11:45:00,7.214801e-05
2025-10-28 12:00:00,5.3031396e-05
2025-10-28 12:15:00,5.871683e-05
2025-10-28 12:30:00,-1.5018135e-06
2025-10-28 12:45:00,-5.0558232e-05
2025-10-28 13:00:00,3.6731417e-05
2025-10-28 13:15:00,6.124659e-05
2025-10-28 13:30:00,-4.2447362e-05
2025-10-28 13:45:00,5.660435e-05
2025-10-28 14:00:00,-4.2447362e-05
2025-10-28 14:15:00,7.105265e-05
2025-10-28 14:30:00,0.00026975592
2025-10-28 14:45:00,7.149837e-07
2025-10-28 15:00:00,-0.00012705078
2025-10-28 15:15:00,0.00019224625
2025-10-28 15:30:00,0.00026975592
2025-10-28 15:45:00,1.2555289e-05
2025-10-28 16:00:00,-8.034155e-05
2025-10-28 16:15:00,-4.7585116e-05
2025-10-28 16:30:00,-1.7228034e-05
2025-10-28 16:45:00,-0.00011007271
2025-10-28 17:00:00,-5.793886e-05
2025-10-28 17:15:00,-2.758178e-05
2025-10-28 17:30:00,-0.00012705078
2025-10-28 17:45:00,0.00025340376
2025-10-28 18:00:00,-1.7332353e-05
2025-10-28 18:15:00,0.00028250902
2025-10-28 18:30:00,0.00027207704
2025-10-28 18:45:00,-0.000100788246
2025-10-28 19:00:00,0.00023522603
2025-10-28 19:15:00,0.00026975592
2025-10-28 19:30:00,7.547935e-06
2025-10-28 19:45:00,0.0002561161
2025-10-28 20:00:00,0.000286421
2025-10-28 20:15:00,0.000286421
2025-10-28 20:30:00,3.3490603e-06
2025-10-28 20:45:00,-4.841967e-05
2025-10-28 21:00:00,1.9805519e-05
2025-10-28 21:15:00,-4.341232e-05
2025-10-28 21:30:00,-0.00011518439
2025-10-28 21:45:00,-8.960684e-06
2025-10-28 22:00:00,2.8516228e-05
2025-10-28 22:15:00,-0.00010837751
2025-10-28 22:30:00,-0.00010837751
2025-10-28 22:45:00,-5.5148303e-05
2025-10-28 23:00:00,0.00025340376
2025-10-28 23:15:00,6.862722e-05
2025-10-28 23:30:00,-4.8576152e-05
2025-10-28 23:45:00,2.0092399e-05
2025-10-29 00:00:00,0.00027442424
2025-10-29 00:15:00,6.3072184e-05
2025-10-29 00:30:00,5.733459e-05
2025-10-29 00:45:00,0.000265218
2025-10-29 01:00:00,7.303473e-05
2025-10-29 01:15:00,7.5381926e-05
2025-10-29 01:30:00,-8.866106e-05
2025-10-29 01:45:00,0.00021790894
2025-10-29 02:00:00,-3.2406573e-05
2025-10-29 02:15:00,-8.177595e-05
2025-10-29 02:30:00,1.12773705e-05
2025-10-29 02:45:00,-7.439532e-05
2025-10-29 03:00:00,0.00024837034
2025-10-29 03:15:00,-4.0700004e-05
2025-10-29 03:30:00,-7.082237e-05
2025-10-29 03:45:00,-1.7626131e-06
2025-10-29 04:00:00,-8.177595e-05
2025-10-29 04:15:00,-4.2447362e-05
2025-10-29 04:30:00,-4.2447362e-05
2025-10-29 04:45:00,-7.0013884e-05
2025-10-29 05:00:00,-4.2447362e-05
2025-10-29 05:15:00,-4.2447362e-05
2025-10-29 05:30:00,3.6731417e-05
2025-10-29 05:45:00,0.0001886733
2025-10-29 06:00:00,-4.7924153e-05
2025-10-29 06:15:00,-6.848206e-06
2025-10-29 06:30:00,-4.0830404e-05
2025-10-29 06:45:00,-4.2447362e-05
2025-10-29 07:00:00,-1.209028e-05
2025-10-29 07:15:00,-4.2447362e-05
2025-10-29 07:30:00,0.00019540192
2025-10-29 07:45:00,-4.2447362e-05
2025-10-29 08:00:00,0.00020640768
2025-10-29 08:15:00,1.109481e-05
2025-10-29 08:30:00,0.00027207704
2025-10-29 08:45:00,7.5381926e-05
2025-10-29 09:00:00,0.00027207704
2025-10-29 09:15:00,-1.3289958e-05
2025-10-29 09:30:00,9.764733e-06
2025-10-29 09:45:00,-3.2406573e-05
2025-10-29 10:00:00,5.4596192e-05
2025-10-29 10:15:00,-4.0830404e-05
2025-10-29 10:30:00,1.1251291e-05
2025-10-29 10:45:00,0.00024286746
2025-10-29 11:00:00,-6.745805e-05
2025-10-29 11:15:00,-4.2447362e-05
2025-10-29 11:30:00,1.0651451e-05
2025-10-29 11:45:00,-3.506673e-05
2025-10-29 12:00:00,-4.2447362e-05
2025-10-29 12:15:00,0.0002112064
2025-10-29 12:30:00,-3.9056966e-05
2025-10-29 12:45:00,8.956254e-06
2025-10-29 13:00:00,-4.2447362e-05
2025-10-29 13:15:00,3.6731417e-05
2025-10-29 13:30:00,0.00028250902
2025-10-29 13:45:00,0.00024620572
2025-10-29 14:00:00,0.0002628708
2025-10-29 14:15:00,0.000286421
2025-10-29 14:30:00,-2.4295705e-05
2025-10-29 14:45:00,5.4596192e-05
2025-10-29 15:00:00,0.0002485529
2025-10-29 15:15:00,0.00024620572
2025-10-29 15:30:00,0.000239451
2025-10-29 15:45:00,0.00024620572
2025-10-29 16:00:00,0.00026975592
2025-10-29 16:15:00,3.3490603e-06
2025-10-29 16:30:00,-4.6515834e-05
2025-10-29 16:45:00,0.00021973455
2025-10-29 17:00:00,5.011044e-05
2025-10-29 17:15:00,-4.129984e-05
2025-10-29 17:30:00,-8.062843e-05
2025-10-29 17:45:00,-9.7267446e-05
2025-10-29 18:00:00,0.00026584393
2025-10-29 18:15:00,-1.8532031e-05
2025-10-29 18:30:00,0.00026292296
2025-10-29 18:45:00,-1.0577642e-05
2025-10-29 19:00:00,-0.0001648928
2025-10-29 19:15:00,0.00017169524
2025-10-29 19:30:00,0.000286421
2025-10-29 19:45:00,5.696257e-06
2025-10-29 20:00:00,2.9898465e-05
2025-10-29 20:15:00,-5.793886e-05
2025-10-29 20:30:00,-5.5148303e-05
2025-10-29 20:45:00,-5.793886e-05
2025-10-29 21:00:00,-2.0201149e-05
2025-10-29 21:15:00,-4.2447362e-05
2025-10-29 21:30:00,-4.2447362e-05
2025-10-29 21:45:00,-1.3576838e-05
2025-10-29 22:00:00,0.00022354221
2025-10-29 22:15:00,0.0002588545
2025-10-29 22:30:00,7.303473e-05
2025-10-29 22:45:00,8.458815e-05
2025-10-29 23:00:00,0.00029562725
2025-10-29 23:15:00,8.224096e-05
2025-10-29 23:30:00,0.000286421
2025-10-29 23:45:00,1.2555289e-05
2025-10-30 00:00:00,-3.386705e-05
2025-10-30 00:15:00,-7.6742515e-05
2025-10-30 00:30:00,-6.753629e-05
2025-10-30 00:45:00,-9.575481e-05
2025-10-30 01:00:00,-4.24021e-06
2025-10-30 01:15:00,5.073636e-05
2025-10-30 01:30:00,-9.7267446e-05
2025-10-30 01:45:00,0.00019571489
2025-10-30 02:00:00,-9.7267446e-05
2025-10-30 02:15:00,-5.793886e-05
2025-10-30 02:30:00,-5.793886e-05
2025-10-30 02:45:00,-5.793886e-05
2025-10-30 03:00:00,0.00025340376
2025-10-30 03:15:00,2.0248877e-05
2025-10-30 03:30:00,2.7186148e-05
2025-10-30 03:45:00,-3.1493775e-05
2025-10-30 04:00:00,0.00026975592
2025-10-30 04:15:00,0.00026036712
2025-10-30 04:30:00,-9.703273e-05
2025-10-30 04:45:00,0.00026975592
2025-10-30 05:00:00,-9.486809e-05
2025-10-30 05:15:00,-7.6742515e-05
2025-10-30 05:30:00,-0.00010537832
2025-10-30 05:45:00,-5.793886e-05
2025-10-30 06:00:00,-2.758178e-05
2025-10-30 06:15:00,-2.0201149e-05
2025-10-30 06:30:00,-5.793886e-05
2025-10-30 06:45:00,-2.758178e-05
2025-10-30 07:00:00,-5.793886e-05
2025-10-30 07:15:00,-5.793886e-05
2025-10-30 07:30:00,-6.9048925e-05
2025-10-30 07:45:00,-4.0178405e-05
2025-10-30 08:00:00,0.00028848133
2025-10-30 08:15:00,0.00026720008
2025-10-30 08:30:00,-3.475377e-05
2025-10-30 08:45:00,0.00022049085
2025-10-30 09:00:00,0.0002561161
2025-10-30 09:15:00,5.4231074e-05
2025-10-30 09:30:00,0.00027207704
2025-10-30 09:45:00,8.458815e-05
2025-10-30 10:00:00,0.0002628708
2025-10-30 10:15:00,-3.4206092e-05
2025-10-30 10:30:00,5.733459e-05
2025-10-30 10:45:00,-6.753629e-05
2025-10-30 11:00:00,3.581862e-05
2025-10-30 11:15:00,4.090421e-05
2025-10-30 11:30:00,-3.9787203e-05
2025-10-30 11:45:00,0.00027442424
2025-10-30 12:00:00,0.0002561161
2025-10-30 12:15:00,0.00026975592
2025-10-30 12:30:00,0.0002667828
2025-10-30 12:45:00,7.694672e-05
2025-10-30 13:00:00,-3.9787203e-05
2025-10-30 13:15:00,2.661239e-05
2025-10-30 13:30:00,0.00026975592
2025-10-30 13:45:00,-9.117163e-06
2025-10-30 14:00:00,-0.00010459592
2025-10-30 14:15:00,-8.960684e-06
2025-10-30 14:30:00,-0.00011518439
2025-10-30 14:45:00,-4.5576955e-05
2025-10-30 15:00:00,0.0002584633
2025-10-30 15:15:00,8.224096e-05
2025-10-30 15:30:00,0.0002628708
2025-10-30 15:45:00,-2.1557307e-05
2025-10-30 16:00:00,-9.7267446e-05
2025-10-30 16:15:00,-9.7267446e-05
2025-10-30 16:30:00,-8.498143e-07
2025-10-30 16:45:00,-8.988682e-05
2025-10-30 17:00:00,0.000286421
2025-10-30 17:15:00,0.00026975592
2025-10-30 17:30:00,3.3490603e-06
2025-10-30 17:45:00,-9.3485854e-05
2025-10-30 18:00:00,0.00023770363
2025-10-30 18:15:00,-2.2574426e-05
2025-10-30 18:30:00,0.00028250902
2025-10-30 18:45:00,0.0002628708
2025-10-30 19:00:00,5.696257e-06
2025-10-30 19:15:00,-3.1024334e-05
2025-10-30 19:30:00,0.0002584633
2025-10-30 19:45:00,0.0002628708
2025-10-30 20:00:00,-7.384764e-05
2025-10-30 20:15:00,-9.7267446e-05
2025-10-30 20:30:00,-9.7267446e-05
2025-10-30 20:45:00,-5.793886e-05
2025-10-30 21:00:00,-5.793886e-05
2025-10-30 21:15:00,-4.2447362e-05
2025-10-30 21:30:00,-4.393392e-05
2025-10-30 21:45:00,-4.2447362e-05
2025-10-30 22:00:00,0.00019540192
2025-10-30 22:15:00,1.13816905e-05
2025-10-30 22:30:00,-3.720529e-05
2025-10-30 22:45:00,-4.2447362e-05
2025-10-30 23:00:00,0.0002023392
2025-10-30 23:15:00,-3.3554094e-05
2025-10-30 23:30:00,-4.2447362e-05
2025-10-30 23:45:00,3.1306783e-05
2025-10-31 00:00:00,-5.793886e-05
2025-10-31 00:15:00,-1.5167716e-05
2025-10-31 00:30:00,-5.793886e-05
2025-10-31 00:45:00,-5.793886e-05
2025-10-31 01:00:00,-5.793886e-05
2025-10-31 01:15:00,-5.793886e-05
2025-10-31 01:30:00,0.00017991044
2025-10-31 01:45:00,-3.446689e-05
2025-10-31 02:00:00,0.00029239332
2025-10-31 02:15:00,-5.269679e-05
2025-10-31 02:30:00,0.000286421
2025-10-31 02:45:00,3.6157657e-05
2025-10-31 03:00:00,-2.6642902e-05
2025-10-31 03:15:00,-3.8796166e-05
2025-10-31 03:30:00,0.00023796443
2025-10-31 03:45:00,-6.4432774e-05
2025-10-31 04:00:00,-5.793886e-05
2025-10-31 04:15:00,-5.793886e-05
2025-10-31 04:30:00,-5.793886e-05
2025-10-31 04:45:00,-5.793886e-05
2025-10-31 05:00:00,0.0002499873
2025-10-31 05:15:00,-4.169104e-05
2025-10-31 05:30:00,-5.269679e-05
2025-10-31 05:45:00,-3.305857e-05
2025-10-31 06:00:00,0.00024453658
2025-10-31 06:15:00,-3.1709312e-06
2025-10-31 06:30:00,0.00027442424
2025-10-31 06:45:00,2.9317807e-06
2025-10-31 07:00:00,-3.1728494e-05
2025-10-31 07:15:00,3.7279096e-05
2025-10-31 07:30:00,0.0002485529
2025-10-31 07:45:00,7.5381926e-05
2025-10-31 08:00:00,0.00024620572
2025-10-31 08:15:00,-4.2447362e-05
2025-10-31 08:30:00,-1.209028e-05
2025-10-31 08:45:00,-4.2447362e-05
2025-10-31 09:00:00,-4.2447362e-05
2025-10-31 09:15:00,-4.5270895e-06
2025-10-31 09:30:00,2.0248877e-05
2025-10-31 09:45:00,6.35677e-05
2025-10-31 10:00:00,5.115364e-05
2025-10-31 10:15:00,-2.4686904e-05
2025-10-31 10:30:00,-4.2447362e-05
2025-10-31 10:45:00,0.00022023005
2025-10-31 11:00:00,0.00024620572
2025-10-31 11:15:00,7.303473e-05
2025-10-31 11:30:00,-1.5089477e-05
2025-10-31 11:45:00,6.124659e-05
2025-10-31 12:00:00,0.00019015986
2025-10-31 12:15:00,-4.2447362e-05
2025-10-31 12:30:00,0.00028250902
2025-10-31 12:45:00,8.224096e-05
2025-10-31 13:00:00,-4.2447362e-05
2025-10-31 13:15:00,-7.7870845e-06
2025-10-31 13:30:00,0.0002561161
2025-10-31 13:45:00,-4.2447362e-05
2025-10-31 14:00:00,0.00028365653
2025-10-31 14:15:00,0.00024286746
2025-10-31 14:30:00,2.1109518e-05
2025-10-31 14:45:00,6.124659e-05
2025-10-31 15:00:00,-1.209028e-05
2025-10-31 15:15:00,0.00019540192
2025-10-31 15:30:00,4.228645e-05
2025-10-31 15:45:00,0.0002588545
2025-10-31 16:00:00,8.224096e-05
2025-10-31 16:15:00,1.4250486e-05
2025-10-31 16:30:00,0.00028250902
2025-10-31 16:45:00,0.00026975592
2025-10-31 17:00:00,7.547935e-06
2025-10-31 17:15:00,-2.1557307e-05
2025-10-31 17:30:00,-6.753629e-05
2025-10-31 17:45:00,-6.753629e-05
2025-10-31 18:00:00,-6.753629e-05
2025-10-31 18:15:00,0.00023994652
2025-10-31 18:30:00,-9.7267446e-05
2025-10-31 18:45:00,0.00018901234
2025-10-31 19:00:00,1.1694649e-05
2025-10-31 19:15:00,-5.793886e-05
2025-10-31 19:30:00,-5.793886e-05
2025-10-31 19:45:00,-1.5167716e-05
2025-10-31 20:00:00,-1.3472519e-05
2025-10-31 20:15:00,3.0159264e-05
2025-10-31 20:30:00,0.00026081048
2025-10-31 20:45:00,8.458815e-05
2025-10-31 21:00:00,8.458815e-05
2025-10-31 21:15:00,2.736871e-05
2025-10-31 21:30:00,-1.8975392e-05
2025-10-31 21:45:00,1.1251291e-05
2025-10-31 22:00:00,-5.0558232e-05
2025-10-31 22:15:00,2.2276217e-06
2025-10-31 22:30:00,8.9754343e-07
2025-10-31 22:45:00,2.5360552e-05
2025-10-31 23:00:00,2.9376866e-05
2025-10-31 23:15:00,-3.2119693e-05
2025-10-31 23:30:00,-3.506673e-05
2025-10-31 23:45:00,-1.7626131e-06
2025-11-01 00:00:00,6.2237625e-05
2025-11-01 00:15:00,-4.8367514e-05
2025-11-01 00:30:00,-2.812946e-05
2025-11-01 00:45:00,-4.2447362e-05
2025-11-01 01:00:00,-4.2447362e-05
2025-11-01 01:15:00,-4.2447362e-05
2025-11-01 01:30:00,4.340099e-06
2025-11-01 01:45:00,2.7186148e-05
2025-11-01 02:00:00,4.189525e-05
2025-11-01 02:15:00,-1.3714136e-06
2025-11-01 02:30:00,2.637767e-05
2025-11-01 02:45:00,-2.5808342e-05
2025-11-01 03:00:00,-4.2447362e-05
2025-11-01 03:15:00,-4.2447362e-05
2025-11-01 03:30:00,-4.2447362e-05
2025-11-01 03:45:00,-4.2447362e-05
2025-11-01 04:00:00,-4.2447362e-05
2025-11-01 04:15:00,-4.393392e-05
2025-11-01 04:30:00,-1.7567074e-05
2025-11-01 04:45:00,-4.7924153e-05
2025-11-01 05:00:00,0.00025340376
2025-11-01 05:15:00,-3.0268016e-05
2025-11-01 05:30:00,-4.393392e-05
2025-11-01 05:45:00,0.00022023005
2025-11-01 06:00:00,6.2237625e-05
2025-11-01 06:15:00,6.7636174e-05
2025-11-01 06:30:00,6.361986e-05
2025-11-01 06:45:00,1.5763124e-05
2025-11-01 07:00:00,6.922016e-06
2025-11-01 07:15:00,-5.0558232e-05
2025-11-01 07:30:00,2.2276217e-06
2025-11-01 07:45:00,1.837112e-05
2025-11-01 08:00:00,-2.812946e-05
2025-11-01 08:15:00,-3.506673e-05
2025-11-01 08:30:00,2.2276217e-06
2025-11-01 08:45:00,-3.506673e-05
2025-11-01 09:00:00,-3.506673e-05
2025-11-01 09:15:00,8.956254e-06
2025-11-01 09:30:00,0.000265218
2025-11-01 09:45:00,6.2237625e-05
2025-11-01 10:00:00,7.3530246e-05
2025-11-01 10:15:00,-3.2406573e-05
2025-11-01 10:30:00,-5.843438e-05
2025-11-01 10:45:00,2.8620547e-05
2025-11-01 11:00:00,-4.2447362e-05
2025-11-01 11:15:00,0.0002312358
2025-11-01 11:30:00,-2.1400829e-05
2025-11-01 11:45:00,-3.2119693e-05
2025-11-01 12:00:00,1.5502324e-05
2025-11-01 12:15:00,8.956254e-06
2025-11-01 12:30:00,-2.812946e-05
2025-11-01 12:45:00,4.139973e-05
2025-11-01 13:00:00,5.842995e-05
2025-11-01 13:15:00,-3.8639686e-05
2025-11-01 13:30:00,0.0002485529
2025-11-01 13:45:00,-5.003663e-05
2025-11-01 14:00:00,0.00025316907
2025-11-01 14:15:00,-4.1612802e-05
2025-11-01 14:30:00,-5.843438e-05
2025-11-01 14:45:00,1.164249e-05
2025-11-01 15:00:00,3.6731417e-05
2025-11-01 15:15:00,7.704415e-06
2025-11-01 15:30:00,-3.9056966e-05
2025-11-01 15:45:00,-4.2447362e-05
2025-11-01 16:00:00,-4.709649e-06
2025-11-01 16:15:00,-8.699883e-06
2025-11-01 16:30:00,-4.2447362e-05
2025-11-01 16:45:00,-4.2447362e-05
2025-11-01 17:00:00,2.2797817e-06
2025-11-01 17:15:00,5.115364e-05
2025-11-01 17:30:00,-2.1400829e-05
2025-11-01 17:45:00,1.837112e-05
2025-11-01 18:00:00,-3.2119693e-05
2025-11-01 18:15:00,-1.7626131e-06
2025-11-01 18:30:00,-1.5037316e-05
2025-11-01 18:45:00,-2.812946e-05
2025-11-01 19:00:00,4.799796e-05
2025-11-01 19:15:00,-1.7306273e-05
2025-11-01 19:30:00,-2.4060984e-05
2025-11-01 19:45:00,-2.812946e-05
2025-11-01 20:00:00,-2.812946e-05
2025-11-01 20:15:00,-4.2447362e-05
2025-11-01 20:30:00,-4.709649e-06
2025-11-01 20:45:00,-6.0397274e-06
2025-11-01 21:00:00,0.00027442424
2025-11-01 21:15:00,-3.1493775e-05
2025-11-01 21:30:00,0.0002520737
2025-11-01 21:45:00,0.000239451
2025-11-01 22:00:00,5.696257e-06
2025-11-01 22:15:00,-3.2354415e-05
2025-11-01 22:30:00,-6.2633255e-05
2025-11-01 22:45:00,-3.2406573e-05
2025-11-01 23:00:00,3.1176383e-05
2025-11-01 23:15:00,-5.4026867e-05
2025-11-01 23:30:00,2.637767e-05
2025-11-01 23:45:00,-6.745805e-05
2025-11-02 00:00:00,1.5085045e-05
2025-11-02 00:15:00,-1.5428515e-05
2025-11-02 00:30:00,1.837112e-05
2025-11-02 00:45:00,2.1318157e-05
2025-11-02 01:00:00,-5.4991826e-05
2025-11-02 01:15:00,-8.988682e-05
2025-11-02 01:30:00,2.2276217e-06
2025-11-02 01:45:00,1.797992e-05
2025-11-02 02:00:00,-5.4600627e-05
2025-11-02 02:15:00,1.4746005e-05
2025-11-02 02:30:00,-4.18805e-06
2025-11-02 02:45:00,-2.812946e-05
2025-11-02 03:00:00,-2.6721142e-05
2025-11-02 03:15:00,2.3769673e-05
2025-11-02 03:30:00,-3.2119693e-05
2025-11-02 03:45:00,-2.812946e-05
2025-11-02 04:00:00,-3.506673e-05
2025-11-02 04:15:00,-3.506673e-05
2025-11-02 04:30:00,3.6731417e-05
2025-11-02 04:45:00,6.124659e-05
2025-11-02 05:00:00,0.0001886733
2025-11-02 05:15:00,-6.848206e-06
2025-11-02 05:30:00,-3.720529e-05
2025-11-02 05:45:00,-4.7924153e-05
2025-11-02 06:00:00,3.9600214e-05
2025-11-02 06:15:00,-2.1400829e-05
2025-11-02 06:30:00,-4.393392e-05
2025-11-02 06:45:00,-4.2447362e-05
2025-11-02 07:00:00,-1.3576838e-05
2025-11-02 07:15:00,8.9064514e-08
2025-11-02 07:30:00,-4.2447362e-05
2025-11-02 07:45:00,3.6731417e-05
2025-11-02 08:00:00,-1.1627739e-06
2025-11-02 08:15:00,-1.0473322e-05
2025-11-02 08:30:00,-4.0491363e-05
2025-11-02 08:45:00,-4.393392e-05
2025-11-02 09:00:00,-4.2447362e-05
2025-11-02 09:15:00,-4.2447362e-05
2025-11-02 09:30:00,0.0002561161
2025-11-02 09:45:00,1.4928565e-05
2025-11-02 10:00:00,-2.812946e-05
2025-11-02 10:15:00,0.00026266216
2025-11-02 10:30:00,0.0002628708
2025-11-02 10:45:00,3.1404206e-06
2025-11-02 11:00:00,-3.1728494e-05
2025-11-02 11:15:00,-4.2447362e-05
2025-11-02 11:30:00,-4.2447362e-05
2025-11-02 11:45:00,-4.2447362e-05
2025-11-02 12:00:00,-1.209028e-05
2025-11-02 12:15:00,0.00021527486
2025-11-02 12:30:00,6.35677e-05
2025-11-02 12:45:00,5.856035e-05
2025-11-02 13:00:00,7.5381926e-05
2025-11-02 13:15:00,0.0002628708
2025-11-02 13:30:00,7.5381926e-05
2025-11-02 13:45:00,7.3392953e-06
2025-11-02 14:00:00,4.786756e-05
2025-11-02 14:15:00,0.000265218
2025-11-02 14:30:00,-4.08373e-06
2025-11-02 14:45:00,-3.2406573e-05
2025-11-02 15:00:00,3.7279096e-05
2025-11-02 15:15:00,-8.988682e-05
2025-11-02 15:30:00,0.00027442424
2025-11-02 15:45:00,0.0002628708
2025-11-02 16:00:00,0.0002628708
2025-11-02 16:15:00,-3.501457e-05
2025-11-02 16:30:00,-3.1024334e-05
2025-11-02 16:45:00,-6.2633255e-05
2025-11-02 17:00:00,-8.988682e-05
2025-11-02 17:15:00,1.0494971e-05
2025-11-02 17:30:00,6.2237625e-05
2025-11-02 17:45:00,-6.745805e-05
2025-11-02 18:00:00,2.2276217e-06
2025-11-02 18:15:00,-8.177595e-05
2025-11-02 18:30:00,-3.506673e-05
2025-11-02 18:45:00,-3.506673e-05
2025-11-02 19:00:00,2.1370317e-05
2025-11-02 19:15:00,0.0002628708
2025-11-02 19:30:00,-7.4480454e-06
2025-11-02 19:45:00,-5.804318e-05
2025-11-02 20:00:00,0.00023564333
2025-11-02 20:15:00,7.282609e-05
2025-11-02 20:30:00,-4.0830404e-05
2025-11-02 20:45:00,-8.866106e-05
2025-11-02 21:00:00,4.072165e-05
2025-11-02 21:15:00,3.0811265e-05
2025-11-02 21:30:00,-5.6008943e-05
2025-11-02 21:45:00,1.46938455e-05
2025-11-02 22:00:00,2.3378474e-05
2025-11-02 22:15:00,-4.954111e-05
2025-11-02 22:30:00,0.000239451
2025-11-02 22:45:00,-5.4026867e-05
2025-11-02 23:00:00,3.6731417e-05
2025-11-02 23:15:00,0.00019015986
2025-11-02 23:30:00,3.6731417e-05
2025-11-02 23:45:00,6.791616e-06
2025-11-03 00:00:00,-4.2447362e-05
2025-11-03 00:15:00,0.0002499873
2025-11-03 00:30:00,5.660435e-05
2025-11-03 00:45:00,0.00026975592
2025-11-03 01:00:00,5.636963e-05
2025-11-03 01:15:00,8.224096e-05
2025-11-03 01:30:00,-3.1024334e-05
2025-11-03 01:45:00,4.5389967e-05
2025-11-03 02:00:00,-2.758178e-05
2025-11-03 02:15:00,0.00028250902
2025-11-03 02:30:00,0.00026975592
2025-11-03 02:45:00,5.696257e-06
2025-11-03 03:00:00,0.000286421
2025-11-03 03:15:00,7.694672e-05
2025-11-03 03:30:00,5.696257e-06
2025-11-03 03:45:00,0.0002561161
2025-11-03 04:00:00,0.0002628708
2025-11-03 04:15:00,-2.1557307e-05
2025-11-03 04:30:00,5.733459e-05
2025-11-03 04:45:00,-7.864636e-05
2025-11-03 05:00:00,-7.864636e-05
2025-11-03 05:15:00,2.1787597e-05
2025-11-03 05:30:00,0.00029171526
2025-11-03 05:45:00,8.224096e-05
2025-11-03 06:00:00,0.00027207704
2025-11-03 06:15:00,-3.0580977e-05
2025-11-03 06:30:00,5.733459e-05
2025-11-03 06:45:00,-5.7104302e-05
2025-11-03 07:00:00,2.8385828e-05
2025-11-03 07:15:00,-0.00010537832
2025-11-03 07:30:00,0.00020914608
2025-11-03 07:45:00,1.9309999e-05
2025-11-03 08:00:00,-8.294955e-05
2025-11-03 08:15:00,0.00028250902
2025-11-03 08:30:00,1.49024845e-05
2025-11-03 08:45:00,-8.177595e-05
2025-11-03 09:00:00,-4.2447362e-05
2025-11-03 09:15:00,0.0002848562
2025-11-03 09:30:00,8.224096e-05
2025-11-03 09:45:00,7.303473e-05
2025-11-03 10:00:00,-8.988682e-05
2025-11-03 10:15:00,-4.2447362e-05
2025-11-03 10:30:00,0.00029406245
2025-11-03 10:45:00,0.0002561161
2025-11-03 11:00:00,-4.2447362e-05
2025-11-03 11:15:00,-4.2447362e-05
2025-11-03 11:30:00,-4.2447362e-05
2025-11-03 11:45:00,-4.2447362e-05
2025-11-03 12:00:00,-4.2447362e-05
2025-11-03 12:15:00,-4.2447362e-05
2025-11-03 12:30:00,0.00028303062
2025-11-03 12:45:00,5.660435e-05
2025-11-03 13:00:00,5.660435e-05
2025-11-03 13:15:00,-2.1400829e-05
2025-11-03 13:30:00,-4.2447362e-05
2025-11-03 13:45:00,-4.2447362e-05
2025-11-03 14:00:00,-6.639567e-06
2025-11-03 14:15:00,0.0002561161
2025-11-03 14:30:00,4.3173168e-05
2025-11-03 14:45:00,-4.2447362e-05
2025-11-03 15:00:00,0.00025528154
2025-11-03 15:15:00,0.00026036712
2025-11-03 15:30:00,-2.721666e-05
2025-11-03 15:45:00,0.000286421
2025-11-03 16:00:00,-2.4895544e-05
2025-11-03 16:15:00,-0.00010407432
2025-11-03 16:30:00,-8.7330984e-05
2025-11-03 16:45:00,-8.7330984e-05
2025-11-03 17:00:00,-9.7267446e-05
2025-11-03 17:15:00,-9.7267446e-05
2025-11-03 17:30:00,-5.793886e-05
2025-11-03 17:45:00,-2.758178e-05
2025-11-03 18:00:00,0.00020359104
2025-11-03 18:15:00,-2.5599702e-05
2025-11-03 18:30:00,0.00028848133
2025-11-03 18:45:00,-3.2589134e-05
2025-11-03 19:00:00,0.0002628708
2025-11-03 19:15:00,-5.6321904e-05
2025-11-03 19:30:00,-5.793886e-05
2025-11-03 19:45:00,0.00019840113
2025-11-03 20:00:00,0.00029171526
2025-11-03 20:15:00,1.2555289e-05
2025-11-03 20:30:00,8.458815e-05
2025-11-03 20:45:00,3.9104692e-05
2025-11-03 21:00:00,6.361986e-05
2025-11-03 21:15:00,-4.5603036e-05
2025-11-03 21:30:00,-4.2447362e-05
2025-11-03 21:45:00,-7.7870845e-06
2025-11-03 22:00:00,0.00029171526
2025-11-03 22:15:00,0.000286421
2025-11-03 22:30:00,3.8445796e-06
2025-11-03 22:45:00,-6.2633255e-05
2025-11-03 23:00:00,0.00026266216
2025-11-03 23:15:00,-3.2406573e-05
2025-11-03 23:30:00,-8.988682e-05
2025-11-03 23:45:00,-2.0201149e-05
2025-11-04 00:00:00,0.00027442424
2025-11-04 00:15:00,0.000286421
2025-11-04 00:30:00,-4.2447362e-05
2025-11-04 00:45:00,0.00018204899
2025-11-04 01:00:00,-4.2447362e-05
2025-11-04 01:15:00,-4.2447362e-05
2025-11-04 01:30:00,-4.2447362e-05
2025-11-04 01:45:00,-1.209028e-05
2025-11-04 02:00:00,2.3795754e-05
2025-11-04 02:15:00,-2.6199541e-05
2025-11-04 02:30:00,0.00025340376
2025-11-04 02:45:00,0.0002561161
2025-11-04 03:00:00,-4.2447362e-05
2025-11-04 03:15:00,-4.2447362e-05
2025-11-04 03:30:00,-4.2447362e-05
2025-11-04 03:45:00,-4.2447362e-05
2025-11-04 04:00:00,-4.393392e-05
2025-11-04 04:15:00,0.0002612017
2025-11-04 04:30:00,8.224096e-05
2025-11-04 04:45:00,7.5381926e-05
2025-11-04 05:00:00,0.00027207704
2025-11-04 05:15:00,0.00026975592
2025-11-04 05:30:00,0.00026975592
2025-11-04 05:45:00,0.00034875213
2025-11-04 06:00:00,-3.8300645e-05
2025-11-04 06:15:00,-8.785258e-05
2025-11-04 06:30:00,0.00025760266
2025-11-04 06:45:00,-3.8639686e-05
2025-11-04 07:00:00,0.0002561161
2025-11-04 07:15:00,7.5381926e-05
2025-11-04 07:30:00,7.5381926e-05
2025-11-04 07:45:00,-7.882891e-05
2025-11-04 08:00:00,0.000286421
2025-11-04 08:15:00,-7.773355e-05
2025-11-04 08:30:00,-0.00013607444
2025-11-04 08:45:00,0.00024717065
2025-11-04 09:00:00,0.0002628708
2025-11-04 09:15:00,3.3490603e-06
2025-11-04 09:30:00,-3.0580977e-05
2025-11-04 09:45:00,2.1839756e-05
2025-11-04 10:00:00,0.000265218
2025-11-04 10:15:00,-3.0580977e-05
2025-11-04 10:30:00,-4.7898073e-05
2025-11-04 10:45:00,2.1787597e-05
2025-11-04 11:00:00,-9.7267446e-05
2025-11-04 11:15:00,-4.2447362e-05
2025-11-04 11:30:00,-4.2447362e-05
2025-11-04 11:45:00,-4.2447362e-05
2025-11-04 12:00:00,0.00025340376
2025-11-04 12:15:00,0.0002588545
2025-11-04 12:30:00,5.621315e-05
2025-11-04 12:45:00,8.458815e-05
2025-11-04 13:00:00,8.458815e-05
2025-11-04 13:15:00,8.224096e-05
2025-11-04 13:30:00,-5.0558232e-05
2025-11-04 13:45:00,0.00023405244
2025-11-04 14:00:00,5.4596192e-05
2025-11-04 14:15:00,8.458815e-05
2025-11-04 14:30:00,6.401106e-05
2025-11-04 14:45:00,-4.2447362e-05
2025-11-04 15:00:00,0.00022317709
2025-11-04 15:15:00,-4.2447362e-05
2025-11-04 15:30:00,0.00028848133
2025-11-04 15:45:00,0.000286421
2025-11-04 16:00:00,7.694672e-05
2025-11-04 16:15:00,0.00024336299
2025-11-04 16:30:00,7.303473e-05
2025-11-04 16:45:00,0.000286421
2025-11-04 17:00:00,0.0008663873
2025-11-04 17:15:00,7.547935e-06
2025-11-04 17:30:00,7.303473e-05
2025-11-04 17:45:00,0.000265218
2025-11-04 18:00:00,0.0002561161
2025-11-04 18:15:00,7.303473e-05
2025-11-04 18:30:00,-0.0001363874
2025-11-04 18:45:00,-0.00011964406
2025-11-04 19:00:00,-0.00011964406
2025-11-04 19:15:00,4.0271393e-06
2025-11-04 19:30:00,0.000286421
2025-11-04 19:45:00,0.0002600281
2025-11-04 20:00:00,7.303473e-05
2025-11-04 20:15:00,-4.6880956e-05
2025-11-04 20:30:00,-0.00011648839
2025-11-04 20:45:00,0.00017219076
2025-11-04 21:00:00,0.00028250902
2025-11-04 21:15:00,0.000286421
2025-11-04 21:30:00,0.00025815034
2025-11-04 21:45:00,-0.00010407432
2025-11-04 22:00:00,-9.7267446e-05
2025-11-04 22:15:00,-5.793886e-05
2025-11-04 22:30:00,-5.793886e-05
2025-11-04 22:45:00,-5.793886e-05
2025-11-04 23:00:00,-2.9068338e-05
2025-11-04 23:15:00,-3.0398416e-05
2025-11-04 23:30:00,-5.793886e-05
2025-11-04 23:45:00,-5.793886e-05
2025-11-05 00:00:00,0.00028848133
2025-11-05 00:15:00,5.660435e-05
2025-11-05 00:30:00,0.000286421
2025-11-05 00:45:00,1.2555289e-05
2025-11-05 01:00:00,0.00027207704
2025-11-05 01:15:00,0.00037960472
2025-11-05 01:30:00,-8.036763e-05
2025-11-05 01:45:00,-6.604973e-05
2025-11-05 02:00:00,-5.793886e-05
2025-11-05 02:15:00,-5.793886e-05
2025-11-05 02:30:00,-5.793886e-05
2025-11-05 02:45:00,-2.758178e-05
2025-11-05 03:00:00,-5.793886e-05
2025-11-05 03:15:00,-5.793886e-05
2025-11-05 03:30:00,-5.793886e-05
2025-11-05 03:45:00,-2.758178e-05
2025-11-05 04:00:00,0.00024453658
2025-11-05 04:15:00,0.00029239332
2025-11-05 04:30:00,-6.9048925e-05
2025-11-05 04:45:00,-2.6277781e-05
2025-11-05 05:00:00,-6.9048925e-05
2025-11-05 05:15:00,0.00029043734
2025-11-05 05:30:00,7.337377e-05
2025-11-05 05:45:00,4.5363886e-05
2025-11-05 06:00:00,0.00025635082
2025-11-05 06:15:00,-6.482397e-05
2025-11-05 06:30:00,-3.4075692e-05
2025-11-05 06:45:00,-5.793886e-05
2025-11-05 07:00:00,0.0001868477
2025-11-05 07:15:00,8.458815e-05
2025-11-05 07:30:00,-2.1400829e-05
2025-11-05 07:45:00,-4.2447362e-05
2025-11-05 08:00:00,0.00026766953
2025-11-05 08:15:00,0.00024620572
2025-11-05 08:30:00,1.49024845e-05
2025-11-05 08:45:00,-7.183948e-05
2025-11-05 09:00:00,-2.5808342e-05
2025-11-05 09:15:00,-4.2447362e-05
2025-11-05 09:30:00,-4.2447362e-05
2025-11-05 09:45:00,-3.506673e-05
2025-11-05 10:00:00,0.00026081048
2025-11-05 10:15:00,-4.249952e-05
2025-11-05 10:30:00,8.857839e-05
2025-11-05 10:45:00,0.000239451
2025-11-05 11:00:00,-2.5677942e-05
2025-11-05 11:15:00,-3.2406573e-05
2025-11-05 11:30:00,-8.988682e-05
2025-11-05 11:45:00,-4.2447362e-05
2025-11-05 12:00:00,-1.209028e-05
2025-11-05 12:15:00,6.124659e-05
2025-11-05 12:30:00,-4.2447362e-05
2025-11-05 12:45:00,-1.209028e-05
2025-11-05 13:00:00,0.00021363182
2025-11-05 13:15:00,-1.8975392e-05
2025-11-05 13:30:00,-4.2447362e-05
2025-11-05 13:45:00,-5.793886e-05
2025-11-05 14:00:00,0.00023663435
2025-11-05 14:15:00,-3.446689e-05
2025-11-05 14:30:00,2.1239917e-05
2025-11-05 14:45:00,-5.793886e-05
2025-11-05 15:00:00,0.0001731818
2025-11-05 15:15:00,-5.793886e-05
2025-11-05 15:30:00,-5.793886e-05
2025-11-05 15:45:00,-5.793886e-05
2025-11-05 16:00:00,0.00028848133
2025-11-05 16:15:00,-5.6321904e-05
2025-11-05 16:30:00,-5.942542e-05
2025-11-05 16:45:00,-5.793886e-05
2025-11-05 17:00:00,0.00028303062
2025-11-05 17:15:00,-5.793886e-05
2025-11-05 17:30:00,-5.793886e-05
2025-11-05 17:45:00,-5.793886e-05
2025-11-05 18:00:00,-5.942542e-05
2025-11-05 18:15:00,-5.793886e-05
2025-11-05 18:30:00,-5.793886e-05
2025-11-05 18:45:00,-5.793886e-05
2025-11-05 19:00:00,0.00019091618
2025-11-05 19:15:00,-6.278973e-05
2025-11-05 19:30:00,-5.942542e-05
2025-11-05 19:45:00,0.0002499873
2025-11-05 20:00:00,-5.793886e-05
2025-11-05 20:15:00,0.00028250902
2025-11-05 20:30:00,7.303473e-05
2025-11-05 20:45:00,7.303473e-05
2025-11-05 21:00:00,0.0002628708
2025-11-05 21:15:00,7.5381926e-05
2025-11-05 21:30:00,-1.5089477e-05
2025-11-05 21:45:00,-2.1818107e-05
2025-11-05 22:00:00,0.00029171526
2025-11-05 22:15:00,1.49024845e-05
2025-11-05 22:30:00,-5.2044787e-05
2025-11-05 22:45:00,-8.988682e-05
2025-11-05 23:00:00,-8.177595e-05
2025-11-05 23:15:00,-4.2447362e-05
2025-11-05 23:30:00,-4.2447362e-05
2025-11-05 23:45:00,0.00020426912
2025-11-06 00:00:00,6.35677e-05
2025-11-06 00:15:00,0.0002561161
2025-11-06 00:30:00,8.224096e-05
2025-11-06 00:45:00,-8.988682e-05
2025-11-06 01:00:00,0.00028250902
2025-11-06 01:15:00,0.000286421
2025-11-06 01:30:00,-4.7767673e-05
2025-11-06 01:45:00,-6.125102e-05
2025-11-06 02:00:00,0.00029406245
2025-11-06 02:15:00,7.303473e-05
2025-11-06 02:30:00,-8.826986e-05
2025-11-06 02:45:00,-8.988682e-05
2025-11-06 03:00:00,-4.2447362e-05
2025-11-06 03:15:00,-4.2447362e-05
2025-11-06 03:30:00,-4.2447362e-05
2025-11-06 03:45:00,-4.709649e-06
2025-11-06 04:00:00,-4.2447362e-05
2025-11-06 04:15:00,-1.3576838e-05
2025-11-06 04:30:00,-7.0013884e-05
2025-11-06 04:45:00,-4.2447362e-05
2025-11-06 05:00:00,0.00029171526
2025-11-06 05:15:00,5.1883875e-05
2025-11-06 05:30:00,0.00024620572
2025-11-06 05:45:00,0.00027207704
2025-11-06 06:00:00,-2.4295705e-05
2025-11-06 06:15:00,-3.1728494e-05
2025-11-06 06:30:00,0.0002284974
2025-11-06 06:45:00,5.4596192e-05
2025-11-06 07:00:00,3.1404206e-06
2025-11-06 07:15:00,-4.894127e-05
2025-11-06 07:30:00,0.000265218
2025-11-06 07:45:00,-1.6654274e-05
2025-11-06 08:00:00,-6.1798695e-05
2025-11-06 08:15:00,-8.988682e-05
2025-11-06 08:30:00,0.00023564333
2025-11-06 08:45:00,-2.5677942e-05
2025-11-06 09:00:00,5.3031396e-05
2025-11-06 09:15:00,0.00027442424
2025-11-06 09:30:00,3.1404206e-06
2025-11-06 09:45:00,0.00027442424
2025-11-06 10:00:00,-2.4295705e-05
2025-11-06 10:15:00,-8.0263315e-05
2025-11-06 10:30:00,-8.988682e-05
2025-11-06 10:45:00,-8.988682e-05
2025-11-06 11:00:00,0.0002485529
2025-11-06 11:15:00,-4.2447362e-05
2025-11-06 11:30:00,-4.2447362e-05
2025-11-06 11:45:00,-4.2447362e-05
2025-11-06 12:00:00,0.0002612017
2025-11-06 12:15:00,0.0002628708
2025-11-06 12:30:00,0.000286421
2025-11-06 12:45:00,5.696257e-06
2025-11-06 13:00:00,-8.0263315e-05
2025-11-06 13:15:00,-4.2447362e-05
2025-11-06 13:30:00,0.00019015986
2025-11-06 13:45:00,-4.393392e-05
2025-11-06 14:00:00,0.000255438
2025-11-06 14:15:00,7.303473e-05
2025-11-06 14:30:00,0.00026975592
2025-11-06 14:45:00,0.00026975592
2025-11-06 15:00:00,-1.3316037e-05
2025-11-06 15:15:00,-6.125102e-05
2025-11-06 15:30:00,0.00026584393
2025-11-06 15:45:00,3.8445796e-06
2025-11-06 16:00:00,0.0002628708
2025-11-06 16:15:00,-2.8781458e-05
2025-11-06 16:30:00,0.0002525953
2025-11-06 16:45:00,-8.036763e-05
2025-11-06 17:00:00,-2.1557307e-05
2025-11-06 17:15:00,-9.486809e-05
2025-11-06 17:30:00,-1.8166913e-05
2025-11-06 17:45:00,-0.00010837751
2025-11-06 18:00:00,0.0002848562
2025-11-06 18:15:00,6.372418e-05
2025-11-06 18:30:00,-9.7267446e-05
2025-11-06 18:45:00,-9.7267446e-05
2025-11-06 19:00:00,-9.7267446e-05
2025-11-06 19:15:00,-7.7870845e-06
2025-11-06 19:30:00,0.00028848133
2025-11-06 19:45:00,8.224096e-05
2025-11-06 20:00:00,7.303473e-05
2025-11-06 20:15:00,0.0002628708
2025-11-06 20:30:00,0.0002600281
2025-11-06 20:45:00,5.696257e-06
2025-11-06 21:00:00,0.0002561161
2025-11-06 21:15:00,-6.8788126e-05
2025-11-06 21:30:00,-5.2044787e-05
2025-11-06 21:45:00,-8.532283e-05
2025-11-06 22:00:00,3.391478e-05
2025-11-06 22:15:00,-7.439532e-05
2025-11-06 22:30:00,-8.177595e-05
2025-11-06 22:45:00,-4.2447362e-05
2025-11-06 23:00:00,-1.209028e-05
2025-11-06 23:15:00,-8.699883e-06
2025-11-06 23:30:00,6.35677e-05
2025-11-06 23:45:00,-3.8431044e-05
2025-11-07 00:00:00,-3.506673e-05
2025-11-07 00:15:00,0.00028250902
2025-11-07 00:30:00,-4.2447362e-05
2025-11-07 00:45:00,-4.2447362e-05
2025-11-07 01:00:00,0.00020447776
2025-11-07 01:15:00,-4.2447362e-05
2025-11-07 01:30:00,0.00029171526
2025-11-07 01:45:00,-4.2447362e-05
2025-11-07 02:00:00,-4.2447362e-05
2025-11-07 02:15:00,0.00026766953
2025-11-07 02:30:00,-4.2447362e-05
2025-11-07 02:45:00,-4.2447362e-05
2025-11-07 03:00:00,5.660435e-05
2025-11-07 03:15:00,-1.209028e-05
2025-11-07 03:30:00,0.00019540192
2025-11-07 03:45:00,0.0002499873
2025-11-07 04:00:00,0.000286421
2025-11-07 04:15:00,-4.2447362e-05
2025-11-07 04:30:00,0.0001942805
2025-11-07 04:45:00,-4.2447362e-05
2025-11-07 05:00:00,-4.2447362e-05
2025-11-07 05:15:00,-1.209028e-05
2025-11-07 05:30:00,-1.1627739e-06
2025-11-07 05:45:00,-4.393392e-05
2025-11-07 06:00:00,5.5658575e-06
2025-11-07 06:15:00,1.13816905e-05
2025-11-07 06:30:00,0.0002584633
2025-11-07 06:45:00,0.00024620572
2025-11-07 07:00:00,1.49024845e-05
2025-11-07 07:15:00,-1.3289958e-05
2025-11-07 07:30:00,5.131012e-05
2025-11-07 07:45:00,-2.3304665e-05
2025-11-07 08:00:00,3.7279096e-05
2025-11-07 08:15:00,6.361986e-05
2025-11-07 08:30:00,0.0002628708
2025-11-07 08:45:00,7.303473e-05
2025-11-07 09:00:00,7.303473e-05
2025-11-07 09:15:00,0.00028250902
2025-11-07 09:30:00,7.303473e-05
2025-11-07 09:45:00,-6.0658076e-06
2025-11-07 10:00:00,2.661239e-05
2025-11-07 10:15:00,0.0002561161
2025-11-07 10:30:00,-6.325918e-05
2025-11-07 10:45:00,0.00023796443
2025-11-07 11:00:00,0.00026975592
2025-11-07 11:15:00,0.0002501177
2025-11-07 11:30:00,-2.1844187e-05
2025-11-07 11:45:00,-3.8092006e-05
2025-11-07 12:00:00,-7.056846e-06
2025-11-07 12:15:00,0.00026584393
2025-11-07 12:30:00,5.636963e-05
2025-11-07 12:45:00,0.0002628708
2025-11-07 13:00:00,-0.00010407432
2025-11-07 13:15:00,-1.6576034e-05
2025-11-07 13:30:00,-0.00010537832
2025-11-07 13:45:00,-9.7267446e-05
2025-11-07 14:00:00,-9.7267446e-05
2025-11-07 14:15:00,-1.7097633e-05
2025-11-07 14:30:00,4.5755085e-05
2025-11-07 14:45:00,3.1306783e-05
2025-11-07 15:00:00,-4.2447362e-05
2025-11-07 15:15:00,0.0001886733
2025-11-07 15:30:00,0.00028848133
2025-11-07 15:45:00,-1.3237798e-05
2025-11-07 16:00:00,0.0002584633
2025-11-07 16:15:00,-4.2447362e-05
2025-11-07 16:30:00,-1.5167716e-05
2025-11-07 16:45:00,0.00016919157
2025-11-07 17:00:00,-5.793886e-05
2025-11-07 17:15:00,-5.793886e-05
2025-11-07 17:30:00,0.00017466836
2025-11-07 17:45:00,-5.793886e-05
2025-11-07 18:00:00,-5.793886e-05
2025-11-07 18:15:00,-5.793886e-05
2025-11-07 18:30:00,-2.9068338e-05
2025-11-07 18:45:00,-2.5625783e-05
2025-11-07 19:00:00,-6.9048925e-05
2025-11-07 19:15:00,-5.793886e-05
2025-11-07 19:30:00,-6.9048925e-05
2025-11-07 19:45:00,-6.9048925e-05
2025-11-07 20:00:00,-3.8691847e-05
2025-11-07 20:15:00,0.00019814033
2025-11-07 20:30:00,-6.9048925e-05
2025-11-07 20:45:00,-3.8691847e-05
2025-11-07 21:00:00,0.00028303062
2025-11-07 21:15:00,4.773716e-05
2025-11-07 21:30:00,-5.269679e-05
2025-11-07 21:45:00,-5.793886e-05
2025-11-07 22:00:00,0.00017466836
2025-11-07 22:15:00,-5.793886e-05
2025-11-07 22:30:00,0.00019814033
2025-11-07 22:45:00,8.565054e-06
2025-11-07 23:00:00,5.3031396e-05
2025-11-07 23:15:00,0.00027442424
2025-11-07 23:30:00,4.812836e-05
2025-11-07 23:45:00,7.3530246e-05
2025-11-08 00:00:00,5.639571e-05
2025-11-08 00:15:00,0.0002628708
2025-11-08 00:30:00,0.0002628708
2025-11-08 00:45:00,0.0002628708
2025-11-08 01:00:00,-3.2354415e-05
2025-11-08 01:15:00,-5.2044787e-05
2025-11-08 01:30:00,-7.183948e-05
2025-11-08 01:45:00,3.7279096e-05
2025-11-08 02:00:00,-8.988682e-05
2025-11-08 02:15:00,-8.177595e-05
2025-11-08 02:30:00,-4.709649e-06
2025-11-08 02:45:00,0.0002561161
2025-11-08 03:00:00,-7.5725395e-05
2025-11-08 03:15:00,-7.439532e-05
2025-11-08 03:30:00,0.00028250902
2025-11-08 03:45:00,8.224096e-05
2025-11-08 04:00:00,1.49024845e-05
2025-11-08 04:15:00,0.00027442424
2025-11-08 04:30:00,-8.858282e-05
2025-11-08 04:45:00,0.00024443227
2025-11-08 05:00:00,5.4596192e-05
2025-11-08 05:15:00,7.282609e-05
2025-11-08 05:30:00,7.282609e-05
2025-11-08 05:45:00,0.00027442424
2025-11-08 06:00:00,0.0002628708
2025-11-08 06:15:00,-4.1612802e-05
2025-11-08 06:30:00,-8.866106e-05
2025-11-08 06:45:00,0.00024443227
2025-11-08 07:00:00,-2.5677942e-05
2025-11-08 07:15:00,0.0002628708
2025-11-08 07:30:00,-4.0830404e-05
2025-11-08 07:45:00,-0.000117453346
2025-11-08 08:00:00,-8.988682e-05
2025-11-08 08:15:00,-8.177595e-05
2025-11-08 08:30:00,-4.2447362e-05
2025-11-08 08:45:00,0.00020426912
2025-11-08 09:00:00,0.00027606727
2025-11-08 09:15:00,-3.506673e-05
2025-11-08 09:30:00,-4.2447362e-05
2025-11-08 09:45:00,0.0002112064
2025-11-08 10:00:00,3.6601017e-05
2025-11-08 10:15:00,-3.506673e-05
2025-11-08 10:30:00,2.2276217e-06
2025-11-08 10:45:00,-2.812946e-05
2025-11-08 11:00:00,-4.2447362e-05
2025-11-08 11:15:00,1.8084242e-05
2025-11-08 11:30:00,0.00026975592
2025-11-08 11:45:00,0.0002501177
2025-11-08 12:00:00,7.303473e-05
2025-11-08 12:15:00,-3.1024334e-05
2025-11-08 12:30:00,3.8661336e-05
2025-11-08 12:45:00,-7.183948e-05
2025-11-08 13:00:00,3.46711e-05
2025-11-08 13:15:00,-8.866106e-05
2025-11-08 13:30:00,3.48015e-05
2025-11-08 13:45:00,0.000265218
2025-11-08 14:00:00,0.00024620572
2025-11-08 14:15:00,-6.0658076e-06
2025-11-08 14:30:00,-8.988682e-05
2025-11-08 14:45:00,-1.8975392e-05
2025-11-08 15:00:00,-6.242462e-05
2025-11-08 15:15:00,0.0002628708
2025-11-08 15:30:00,8.458815e-05
2025-11-08 15:45:00,-3.2406573e-05
2025-11-08 16:00:00,-8.177595e-05
2025-11-08 16:15:00,-2.0201149e-05
2025-11-08 16:30:00,3.237606e-05
2025-11-08 16:45:00,-7.515164e-05
2025-11-08 17:00:00,0.000265218
2025-11-08 17:15:00,-6.745805e-05
2025-11-08 17:30:00,-4.2447362e-05
2025-11-08 17:45:00,-4.2447362e-05
2025-11-08 18:00:00,-4.2447362e-05
2025-11-08 18:15:00,-4.709649e-06
2025-11-08 18:30:00,-3.506673e-05
2025-11-08 18:45:00,-4.2447362e-05
2025-11-08 19:00:00,-1.3576838e-05
2025-11-08 19:15:00,0.00026584393
2025-11-08 19:30:00,-3.1709312e-06
2025-11-08 19:45:00,-2.812946e-05
2025-11-08 20:00:00,2.2276217e-06
2025-11-08 20:15:00,-4.2447362e-05
2025-11-08 20:30:00,-4.2447362e-05
2025-11-08 20:45:00,-1.1366939e-06
2025-11-08 21:00:00,-2.4686904e-05
2025-11-08 21:15:00,-2.4060984e-05
2025-11-08 21:30:00,-4.2447362e-05
2025-11-08 21:45:00,-1.209028e-05
2025-11-08 22:00:00,-4.2447362e-05
2025-11-08 22:15:00,-1.7567074e-05
2025-11-08 22:30:00,2.018982e-06
2025-11-08 22:45:00,-4.393392e-05
2025-11-08 23:00:00,-4.393392e-05
2025-11-08 23:15:00,-4.393392e-05
2025-11-08 23:30:00,-1.2670937e-06
2025-11-08 23:45:00,1.9961999e-05
2025-11-09 00:00:00,0.00027207704
2025-11-09 00:15:00,0.000239451
2025-11-09 00:30:00,-1.5089477e-05
2025-11-09 00:45:00,0.00027442424
2025-11-09 01:00:00,7.3392953e-06
2025-11-09 01:15:00,5.639571e-05
2025-11-09 01:30:00,-6.2633255e-05
2025-11-09 01:45:00,-3.608385e-05
2025-11-09 02:00:00,0.00023564333
2025-11-09 02:15:00,-2.5677942e-05
2025-11-09 02:30:00,6.2237625e-05
2025-11-09 02:45:00,0.000265218
2025-11-09 03:00:00,-3.488417e-05
2025-11-09 03:15:00,0.000265218
2025-11-09 03:30:00,-3.2406573e-05
2025-11-09 03:45:00,-4.1612802e-05
2025-11-09 04:00:00,-8.988682e-05
2025-11-09 04:15:00,3.6731417e-05
2025-11-09 04:30:00,0.00019754049
2025-11-09 04:45:00,0.00026081048
2025-11-09 05:00:00,-4.249952e-05
2025-11-09 05:15:00,-4.2447362e-05
2025-11-09 05:30:00,0.00020314768
2025-11-09 05:45:00,-3.506673e-05
2025-11-09 06:00:00,5.6701774e-06
2025-11-09 06:15:00,-3.1493775e-05
2025-11-09 06:30:00,-3.2119693e-05
2025-11-09 06:45:00,0.00027442424
2025-11-09 07:00:00,-1.4235735e-06
2025-11-09 07:15:00,1.46938455e-05
2025-11-09 07:30:00,2.1109518e-05
2025-11-09 07:45:00,-4.2447362e-05
2025-11-09 08:00:00,-4.2447362e-05
2025-11-09 08:15:00,-1.1366939e-06
2025-11-09 08:30:00,-2.4686904e-05
2025-11-09 08:45:00,-3.9056966e-05
2025-11-09 09:00:00,-4.2447362e-05
2025-11-09 09:15:00,5.6701774e-06
2025-11-09 09:30:00,1.9961999e-05
2025-11-09 09:45:00,0.0002628708
2025-11-09 10:00:00,7.303473e-05
2025-11-09 10:15:00,-4.1612802e-05
2025-11-09 10:30:00,0.000105478204
2025-11-09 10:45:00,-5.0558232e-05
2025-11-09 11:00:00,-4.2447362e-05
2025-11-09 11:15:00,-1.209028e-05
2025-11-09 11:30:00,-4.2447362e-05
2025-11-09 11:45:00,-4.393392e-05
2025-11-09 12:00:00,-1.3576838e-05
2025-11-09 12:15:00,2.018982e-06
2025-11-09 12:30:00,2.018982e-06
2025-11-09 12:45:00,2.7186148e-05
2025-11-09 13:00:00,-4.2447362e-05
2025-11-09 13:15:00,-4.2447362e-05
2025-11-09 13:30:00,-4.2447362e-05
2025-11-09 13:45:00,-4.2447362e-05
2025-11-09 14:00:00,-4.2447362e-05
2025-11-09 14:15:00,7.105265e-05
2025-11-09 14:30:00,0.00031536978
2025-11-09 14:45:00,0.00028848133
2025-11-09 15:00:00,-5.269679e-05
2025-11-09 15:15:00,-5.793886e-05
2025-11-09 15:30:00,-5.793886e-05
2025-11-09 15:45:00,-2.758178e-05
2025-11-09 16:00:00,0.00027181624
2025-11-09 16:15:00,1.192937e-05
2025-11-09 16:30:00,-5.269679e-05
2025-11-09 16:45:00,-5.793886e-05
2025-11-09 17:00:00,0.0001731818
2025-11-09 17:15:00,-2.2339707e-05
2025-11-09 17:30:00,0.0002519433
2025-11-09 17:45:00,-5.2488147e-05
2025-11-09 18:00:00,-2.2131067e-05
2025-11-09 18:15:00,-5.2488147e-05
2025-11-09 18:30:00,-5.793886e-05
2025-11-09 18:45:00,4.111285e-05
2025-11-09 19:00:00,0.00019300258
2025-11-09 19:15:00,-4.2447362e-05
2025-11-09 19:30:00,-2.758178e-05
2025-11-09 19:45:00,-5.793886e-05
2025-11-09 20:00:00,0.0002499873
2025-11-09 20:15:00,4.228645e-05
2025-11-09 20:30:00,-5.269679e-05
2025-11-09 20:45:00,-5.793886e-05
2025-11-09 21:00:00,0.0002523345
2025-11-09 21:15:00,-5.793886e-05
2025-11-09 21:30:00,-5.793886e-05
2025-11-09 21:45:00,0.00019587137
2025-11-09 22:00:00,6.651474e-05
2025-11-09 22:15:00,8.224096e-05
2025-11-09 22:30:00,8.458815e-05
2025-11-09 22:45:00,-4.2447362e-05
2025-11-09 23:00:00,-4.2447362e-05
2025-11-09 23:15:00,0.00018468307
2025-11-09 23:30:00,5.115364e-05
2025-11-09 23:45:00,-4.5263998e-05
2025-11-10 00:00:00,-4.2447362e-05
2025-11-10 00:15:00,-4.2447362e-05
2025-11-10 00:30:00,-4.2447362e-05
2025-11-10 00:45:00,-5.793886e-05
2025-11-10 01:00:00,-5.793886e-05
2025-11-10 01:15:00,0.00019814033
2025-11-10 01:30:00,0.0002499873
2025-11-10 01:45:00,4.773716e-05
2025-11-10 02:00:00,-5.5982862e-05
2025-11-10 02:15:00,-2.2339707e-05
2025-11-10 02:30:00,4.626979e-06
2025-11-10 02:45:00,-5.793886e-05
2025-11-10 03:00:00,-9.717002e-06
2025-11-10 03:15:00,-5.2488147e-05
2025-11-10 03:30:00,-5.793886e-05
2025-11-10 03:45:00,0.0001731818
2025-11-10 04:00:00,-5.942542e-05
2025-11-10 04:15:00,0.00024453658
2025-11-10 04:30:00,1.2242329e-05
2025-11-10 04:45:00,-5.793886e-05
2025-11-10 05:00:00,-5.793886e-05
2025-11-10 05:15:00,-1.1627739e-06
2025-11-10 05:30:00,1.109481e-05
2025-11-10 05:45:00,3.292374e-05
2025-11-10 06:00:00,-3.506673e-05
2025-11-10 06:15:00,3.0785184e-05
2025-11-10 06:30:00,-2.812946e-05
2025-11-10 06:45:00,-2.812946e-05
2025-11-10 07:00:00,-4.2447362e-05
2025-11-10 07:15:00,0.00018468307
2025-11-10 07:30:00,-4.0491363e-05
2025-11-10 07:45:00,-4.393392e-05
2025-11-10 08:00:00,0.0002294363
2025-11-10 08:15:00,3.6601017e-05
2025-11-10 08:30:00,0.000239451
2025-11-10 08:45:00,5.696257e-06
2025-11-10 09:00:00,7.282609e-05
2025-11-10 09:15:00,3.6731417e-05
2025-11-10 09:30:00,-4.2447362e-05
2025-11-10 09:45:00,-1.209028e-05
2025-11-10 10:00:00,0.00025340376
2025-11-10 10:15:00,7.702496e-05
2025-11-10 10:30:00,7.5381926e-05
2025-11-10 10:45:00,7.5381926e-05
2025-11-10 11:00:00,-2.8964017e-05
2025-11-10 11:15:00,-8.988682e-05
2025-11-10 11:30:00,-5.0558232e-05
2025-11-10 11:45:00,1.08861705e-05
2025-11-10 12:00:00,0.0002485529
2025-11-10 12:15:00,8.458815e-05
2025-11-10 12:30:00,-2.3878425e-05
2025-11-10 12:45:00,-4.294288e-05
2025-11-10 13:00:00,-4.2447362e-05
2025-11-10 13:15:00,-4.2447362e-05
2025-11-10 13:30:00,-4.2447362e-05
2025-11-10 13:45:00,-4.2447362e-05
2025-11-10 14:00:00,0.0002499873
2025-11-10 14:15:00,5.8951548e-05
2025-11-10 14:30:00,0.00026975592
2025-11-10 14:45:00,0.00026975592
2025-11-10 15:00:00,7.547935e-06
2025-11-10 15:15:00,-7.799435e-05
2025-11-10 15:30:00,8.434654e-06
2025-11-10 15:45:00,0.0002584633
2025-11-10 16:00:00,-2.758178e-05
2025-11-10 16:15:00,4.090421e-05
2025-11-10 16:30:00,0.000265218
2025-11-10 16:45:00,-7.812475e-05
2025-11-10 17:00:00,-0.00010376136
2025-11-10 17:15:00,-9.7267446e-05
2025-11-10 17:30:00,-5.793886e-05
2025-11-10 17:45:00,-5.793886e-05
2025-11-10 18:00:00,0.00018204899
2025-11-10 18:15:00,-5.793886e-05
2025-11-10 18:30:00,-2.4191384e-05
2025-11-10 18:45:00,0.00028848133
2025-11-10 19:00:00,-2.5599702e-05
2025-11-10 19:15:00,-3.506673e-05
2025-11-10 19:30:00,-4.2447362e-05
2025-11-10 19:45:00,-4.393392e-05
2025-11-10 20:00:00,-4.2447362e-05
2025-11-10 20:15:00,0.0001886733
2025-11-10 20:30:00,-4.2447362e-05
2025-11-10 20:45:00,0.00024453658
2025-11-10 21:00:00,0.00029562725
2025-11-10 21:15:00,8.224096e-05
2025-11-10 21:30:00,8.458815e-05
2025-11-10 21:45:00,-1.4385317e-05
2025-11-10 22:00:00,0.00025345595
2025-11-10 22:15:00,-7.183948e-05
2025-11-10 22:30:00,-6.2633255e-05
2025-11-10 22:45:00,-4.2447362e-05
2025-11-10 23:00:00,-4.2447362e-05
2025-11-10 23:15:00,-4.2447362e-05
2025-11-10 23:30:00,-4.393392e-05
2025-11-10 23:45:00,0.00023240941
2025-11-11 00:00:00,6.35677e-05
2025-11-11 00:15:00,0.00027207704
2025-11-11 00:30:00,8.458815e-05
2025-11-11 00:45:00,-4.2447362e-05
2025-11-11 01:00:00,-4.2447362e-05
2025-11-11 01:15:00,6.124659e-05
2025-11-11 01:30:00,0.00029043734
2025-11-11 01:45:00,0.00025504682
2025-11-11 02:00:00,2.624727e-05
2025-11-11 02:15:00,-4.2447362e-05
2025-11-11 02:30:00,6.124659e-05
2025-11-11 02:45:00,3.2378423e-07
2025-11-11 03:00:00,-4.2447362e-05
2025-11-11 03:15:00,-4.5270895e-06
2025-11-11 03:30:00,0.00028809014
2025-11-11 03:45:00,1.6988883e-05
2025-11-11 04:00:00,0.000239451
2025-11-11 04:15:00,0.00027207704
2025-11-11 04:30:00,7.303473e-05
2025-11-11 04:45:00,8.224096e-05
2025-11-11 05:00:00,0.0002561161
2025-11-11 05:15:00,-6.0658076e-06
2025-11-11 05:30:00,0.000265218
2025-11-11 05:45:00,8.458815e-05
2025-11-11 06:00:00,0.0002628708
2025-11-11 06:15:00,7.5381926e-05
2025-11-11 06:30:00,5.733459e-05
2025-11-11 06:45:00,-7.6742515e-05
2025-11-11 07:00:00,-8.439084e-06
2025-11-11 07:15:00,2.0457517e-05
2025-11-11 07:30:00,0.0002628708
2025-11-11 07:45:00,0.0002628708
2025-11-11 08:00:00,-8.6548585e-05
2025-11-11 08:15:00,-0.00010537832
2025-11-11 08:30:00,-4.24021e-06
2025-11-11 08:45:00,-8.988682e-05
2025-11-11 09:00:00,-9.7267446e-05
2025-11-11 09:15:00,-8.177595e-05
2025-11-11 09:30:00,0.00024876153
2025-11-11 09:45:00,7.5381926e-05
2025-11-11 10:00:00,-6.401549e-05
2025-11-11 10:15:00,-6.745805e-05
2025-11-11 10:30:00,-4.2447362e-05
2025-11-11 10:45:00,-1.7626131e-06
2025-11-11 11:00:00,-4.2447362e-05
2025-11-11 11:15:00,-4.709649e-06
2025-11-11 11:30:00,-4.2447362e-05
2025-11-11 11:45:00,0.00020426912
2025-11-11 12:00:00,3.292374e-05
2025-11-11 12:15:00,0.00024620572
2025-11-11 12:30:00,0.0002628708
2025-11-11 12:45:00,0.00024620572
2025-11-11 13:00:00,-6.0658076e-06
2025-11-11 13:15:00,0.0002561161
2025-11-11 13:30:00,3.8445796e-06
2025-11-11 13:45:00,-2.4295705e-05
2025-11-11 14:00:00,4.7111243e-05
2025-11-11 14:15:00,7.3392953e-06
2025-11-11 14:30:00,0.00026584393
2025-11-11 14:45:00,-7.32478e-05
2025-11-11 15:00:00,0.00028250902
2025-11-11 15:15:00,0.0002628708
2025-11-11 15:30:00,0.0002667828
2025-11-11 15:45:00,7.303473e-05
2025-11-11 16:00:00,-3.9787203e-05
2025-11-11 16:15:00,4.812836e-05
2025-11-11 16:30:00,-4.129984e-05
2025-11-11 16:45:00,5.011044e-05
2025-11-11 17:00:00,-6.753629e-05
2025-11-11 17:15:00,0.00023994652
2025-11-11 17:30:00,0.00026584393
2025-11-11 17:45:00,-7.7837874e-05
2025-11-11 18:00:00,1.7797362e-05
2025-11-11 18:15:00,-9.575481e-05
2025-11-11 18:30:00,0.00025290827
2025-11-11 18:45:00,-0.00010537832
2025-11-11 19:00:00,0.0002584633
2025-11-11 19:15:00,-9.7267446e-05
2025-11-11 19:30:00,0.0002520737
2025-11-11 19:45:00,6.2237625e-05
2025-11-11 20:00:00,7.303473e-05
2025-11-11 20:15:00,8.458815e-05
2025-11-11 20:30:00,8.458815e-05
2025-11-11 20:45:00,7.282609e-05
2025-11-11 21:00:00,-6.2633255e-05
2025-11-11 21:15:00,0.000255438
2025-11-11 21:30:00,0.0002628708
2025-11-11 21:45:00,-6.0658076e-06
2025-11-11 22:00:00,-6.2633255e-05
2025-11-11 22:15:00,-8.988682e-05
2025-11-11 22:30:00,-8.177595e-05
2025-11-11 22:45:00,-4.709649e-06
2025-11-11 23:00:00,-6.0397274e-06
2025-11-11 23:15:00,-4.2447362e-05
2025-11-11 23:30:00,1.4433045e-05
2025-11-11 23:45:00,-3.9056966e-05
2025-11-12 00:00:00,3.9600214e-05
2025-11-12 00:15:00,-3.506673e-05
2025-11-12 00:30:00,8.956254e-06
2025-11-12 00:45:00,5.3031396e-05
2025-11-12 01:00:00,-4.2447362e-05
2025-11-12 01:15:00,-1.209028e-05
2025-11-12 01:30:00,-4.2447362e-05
2025-11-12 01:45:00,-4.2447362e-05
2025-11-12 02:00:00,-4.2447362e-05
2025-11-12 02:15:00,-1.3576838e-05
2025-11-12 02:30:00,0.00027606727
2025-11-12 02:45:00,-2.1400829e-05
2025-11-12 03:00:00,-2.812946e-05
2025-11-12 03:15:00,-4.2447362e-05
2025-11-12 03:30:00,-4.2447362e-05
2025-11-12 03:45:00,-8.699883e-06
2025-11-12 04:00:00,-4.393392e-05
2025-11-12 04:15:00,0.00024419755
2025-11-12 04:30:00,0.00027207704
2025-11-12 04:45:00,-3.2119693e-05
2025-11-12 05:00:00,-5.0558232e-05
2025-11-12 05:15:00,-4.2447362e-05
2025-11-12 05:30:00,-4.2447362e-05
2025-11-12 05:45:00,-3.506673e-05
2025-11-12 06:00:00,-4.2447362e-05
2025-11-12 06:15:00,-1.3576838e-05
2025-11-12 06:30:00,1.4433045e-05
2025-11-12 06:45:00,2.7186148e-05
2025-11-12 07:00:00,4.4112046e-05
2025-11-12 07:15:00,5.6701774e-06
2025-11-12 07:30:00,8.956254e-06
2025-11-12 07:45:00,0.000239451
2025-11-12 08:00:00,4.4444187e-06
2025-11-12 08:15:00,3.6731417e-05
2025-11-12 08:30:00,6.124659e-05
2025-11-12 08:45:00,-4.2447362e-05
2025-11-12 09:00:00,8.6544154e-05
2025-11-12 09:15:00,0.00011690123
2025-11-12 09:30:00,-1.6654274e-05
2025-11-12 09:45:00,4.228645e-05
2025-11-12 10:00:00,-5.793886e-05
2025-11-12 10:15:00,-2.9068338e-05
2025-11-12 10:30:00,-5.793886e-05
2025-11-12 10:45:00,-5.793886e-05
2025-11-12 11:00:00,-5.793886e-05
2025-11-12 11:15:00,0.00019814033
2025-11-12 11:30:00,4.228645e-05
2025-11-12 11:45:00,-5.793886e-05
2025-11-12 12:00:00,-5.793886e-05
2025-11-12 12:15:00,0.00016919157
2025-11-12 12:30:00,5.4700515e-05
2025-11-12 12:45:00,-6.278973e-05
2025-11-12 13:00:00,6.035297e-06
2025-11-12 13:15:00,-5.2488147e-05
2025-11-12 13:30:00,-5.793886e-05
2025-11-12 13:45:00,-6.639567e-06
2025-11-12 14:00:00,4.901508e-05
2025-11-12 14:15:00,0.00027207704
2025-11-12 14:30:00,5.871683e-05
2025-11-12 14:45:00,0.00026975592
2025-11-12 15:00:00,0.0002667828
2025-11-12 15:15:00,0.00024336299
2025-11-12 15:30:00,0.00026975592
2025-11-12 15:45:00,0.00025165643
2025-11-12 16:00:00,0.001032934
2025-11-12 16:15:00,-8.4566505e-05
2025-11-12 16:30:00,6.309826e-05
2025-11-12 16:45:00,0.00027207704
2025-11-12 17:00:00,-2.2783066e-05
2025-11-12 17:15:00,-7.882891e-05
2025-11-12 17:30:00,-0.00011043783
2025-11-12 17:45:00,6.298455e-08
2025-11-12 18:00:00,1.790168e-05
2025-11-12 18:15:00,6.1716026e-05
2025-11-12 18:30:00,8.458815e-05
2025-11-12 18:45:00,-7.079628e-05
2025-11-12 19:00:00,0.00028250902
2025-11-12 19:15:00,7.303473e-05
2025-11-12 19:30:00,-0.00010407432
2025-11-12 19:45:00,2.1493818e-06
2025-11-12 20:00:00,-0.00010415256
2025-11-12 20:15:00,-9.7267446e-05
2025-11-12 20:30:00,-2.758178e-05
2025-11-12 20:45:00,0.00020672064
2025-11-12 21:00:00,-5.793886e-05
2025-11-12 21:15:00,7.704415e-06
2025-11-12 21:30:00,-3.506673e-05
2025-11-12 21:45:00,-4.2447362e-05
2025-11-12 22:00:00,0.00029171526
2025-11-12 22:15:00,-2.1400829e-05
2025-11-12 22:30:00,-4.2447362e-05
2025-11-12 22:45:00,-4.2447362e-05
2025-11-12 23:00:00,0.00020792031
2025-11-12 23:15:00,-4.393392e-05
2025-11-12 23:30:00,0.00029171526
2025-11-12 23:45:00,3.1880543e-05
2025-11-13 00:00:00,-2.3096025e-05
2025-11-13 00:15:00,0.000265218
2025-11-13 00:30:00,-4.2447362e-05
2025-11-13 00:45:00,-4.2447362e-05
2025-11-13 01:00:00,-4.2447362e-05
2025-11-13 01:15:00,0.00023060989
2025-11-13 01:30:00,-4.2447362e-05
2025-11-13 01:45:00,0.00028848133
2025-11-13 02:00:00,-4.393392e-05
2025-11-13 02:15:00,0.00025340376
2025-11-13 02:30:00,-4.393392e-05
2025-11-13 02:45:00,8.956254e-06
2025-11-13 03:00:00,0.00026975592
2025-11-13 03:15:00,3.6731417e-05
2025-11-13 03:30:00,-4.2447362e-05
2025-11-13 03:45:00,0.00019015986
2025-11-13 04:00:00,0.00025019594
2025-11-13 04:15:00,-2.83381e-05
2025-11-13 04:30:00,5.1962117e-05
2025-11-13 04:45:00,-2.812946e-05
2025-11-13 05:00:00,0.00027442424
2025-11-13 05:15:00,-7.0013884e-05
2025-11-13 05:30:00,-4.2447362e-05
2025-11-13 05:45:00,-4.2447362e-05
2025-11-13 06:00:00,-4.2447362e-05
2025-11-13 06:15:00,-5.793886e-05
2025-11-13 06:30:00,-1.5167716e-05
2025-11-13 06:45:00,-5.793886e-05
2025-11-13 07:00:00,-5.793886e-05
2025-11-13 07:15:00,-5.793886e-05
2025-11-13 07:30:00,0.00028303062
2025-11-13 07:45:00,6.0151226e-05
2025-11-13 08:00:00,4.228645e-05
2025-11-13 08:15:00,-5.793886e-05
2025-11-13 08:30:00,-5.793886e-05
2025-11-13 08:45:00,-2.9068338e-05
2025-11-13 09:00:00,0.000286421
2025-11-13 09:15:00,1.6754162e-05
2025-11-13 09:30:00,8.747614e-06
2025-11-13 09:45:00,0.00024041595
2025-11-13 10:00:00,5.733459e-05
2025-11-13 10:15:00,-6.753629e-05
2025-11-13 10:30:00,3.237606e-05
2025-11-13 10:45:00,-4.7898073e-05
2025-11-13 11:00:00,-5.843438e-05
2025-11-13 11:15:00,0.0002520737
2025-11-13 11:30:00,-5.170575e-05
2025-11-13 11:45:00,1.837112e-05
2025-11-13 12:00:00,2.637767e-05
2025-11-13 12:15:00,-6.745805e-05
2025-11-13 12:30:00,-8.177595e-05
2025-11-13 12:45:00,-1.209028e-05
2025-11-13 13:00:00,0.00027841446
2025-11-13 13:15:00,0.00026975592
2025-11-13 13:30:00,7.303473e-05
2025-11-13 13:45:00,0.0002628708
2025-11-13 14:00:00,7.303473e-05
2025-11-13 14:15:00,-3.1024334e-05
2025-11-13 14:30:00,0.00026975592
2025-11-13 14:45:00,3.6731417e-05
2025-11-13 15:00:00,6.70885e-05
2025-11-13 15:15:00,0.00026584393
2025-11-13 15:30:00,0.000286421
2025-11-13 15:45:00,0.0002667828
2025-11-13 16:00:00,0.0002667828
2025-11-13 16:15:00,0.0002628708
2025-11-13 16:30:00,8.224096e-05
2025-11-13 16:45:00,0.00026532233
2025-11-13 17:00:00,8.224096e-05
2025-11-13 17:15:00,0.0002628708
2025-11-13 17:30:00,0.0002561161
2025-11-13 17:45:00,0.000286421
2025-11-13 18:00:00,0.0002600281
2025-11-13 18:15:00,0.00022526349
2025-11-13 18:30:00,0.000286421
2025-11-13 18:45:00,7.303473e-05
2025-11-13 19:00:00,-3.1989293e-05
2025-11-13 19:15:00,-0.0001363874
2025-11-13 19:30:00,0.00015917685
2025-11-13 19:45:00,0.000265218
2025-11-13 20:00:00,0.00029562725
2025-11-13 20:15:00,-3.1989293e-05
2025-11-13 20:30:00,-5.885166e-05
2025-11-13 20:45:00,0.00029171526
2025-11-13 21:00:00,-9.765865e-05
2025-11-13 21:15:00,1.06775315e-05
2025-11-13 21:30:00,-9.7267446e-05
2025-11-13 21:45:00,-2.758178e-05
2025-11-13 22:00:00,-5.793886e-05
2025-11-13 22:15:00,-5.793886e-05
2025-11-13 22:30:00,-5.793886e-05
2025-11-13 22:45:00,-5.793886e-05
2025-11-13 23:00:00,-5.793886e-05
2025-11-13 23:15:00,-5.793886e-05
2025-11-13 23:30:00,-5.793886e-05
2025-11-13 23:45:00,0.00029239332
2025-11-14 00:00:00,0.000286421
2025-11-14 00:15:00,3.3810462e-05
2025-11-14 00:30:00,3.9261173e-05
2025-11-14 00:45:00,0.00028250902
2025-11-14 01:00:00,7.303473e-05
2025-11-14 01:15:00,-4.6515834e-05
2025-11-14 01:30:00,-3.7413927e-05
2025-11-14 01:45:00,-3.7413927e-05
2025-11-14 02:00:00,-6.604973e-05
2025-11-14 02:15:00,-5.793886e-05
2025-11-14 02:30:00,-5.793886e-05
2025-11-14 02:45:00,0.00017991044
2025-11-14 03:00:00,0.000255438
2025-11-14 03:15:00,5.621315e-05
2025-11-14 03:30:00,0.000286421
2025-11-14 03:45:00,-1.5089477e-05
2025-11-14 04:00:00,0.00027442424
2025-11-14 04:15:00,-1.871459e-05
2025-11-14 04:30:00,0.0001240993
2025-11-14 04:45:00,7.547935e-06
2025-11-14 05:00:00,0.000286421
2025-11-14 05:15:00,0.0002628708
2025-11-14 05:30:00,3.3490603e-06
2025-11-14 05:45:00,-7.864636e-05
2025-11-14 06:00:00,0.00029171526
2025-11-14 06:15:00,0.0002628708
2025-11-14 06:30:00,0.0002628708
2025-11-14 06:45:00,-1.1673e-05
2025-11-14 07:00:00,0.0001506487
2025-11-14 07:15:00,-0.00010837751
2025-11-14 07:30:00,0.00029171526
2025-11-14 07:45:00,7.303473e-05
2025-11-14 08:00:00,0.0002628708
2025-11-14 08:15:00,-6.6134867e-06
2025-11-14 08:30:00,-0.00010537832
2025-11-14 08:45:00,-9.7267446e-05
2025-11-14 09:00:00,-2.758178e-05
2025-11-14 09:15:00,0.00026532233
2025-11-14 09:30:00,-3.2145774e-05
2025-11-14 09:45:00,0.00026532233
2025-11-14 10:00:00,-1.5089477e-05
2025-11-14 10:15:00,-3.639681e-05
2025-11-14 10:30:00,-4.2447362e-05
2025-11-14 10:45:00,0.00028250902
2025-11-14 11:00:00,1.2555289e-05
2025-11-14 11:15:00,0.0002628708
2025-11-14 11:30:00,0.00026975592
2025-11-14 11:45:00,7.303473e-05
2025-11-14 12:00:00,0.000286421
2025-11-14 12:15:00,3.3490603e-06
2025-11-14 12:30:00,0.00026975592
2025-11-14 12:45:00,-4.5524797e-05
2025-11-14 13:00:00,0.00026584393
2025-11-14 13:15:00,-2.4406922e-06
2025-11-14 13:30:00,0.00028250902
2025-11-14 13:45:00,-0.00010459592
2025-11-14 14:00:00,-9.844105e-05
2025-11-14 14:15:00,-0.00011648839
2025-11-14 14:30:00,-6.9048925e-05
2025-11-14 14:45:00,-6.9048925e-05
2025-11-14 15:00:00,0.00021511839
2025-11-14 15:15:00,-5.793886e-05
2025-11-14 15:30:00,-5.793886e-05
2025-11-14 15:45:00,-5.793886e-05
2025-11-14 16:00:00,0.0002499873
2025-11-14 16:15:00,-5.793886e-05
2025-11-14 16:30:00,-5.793886e-05
2025-11-14 16:45:00,-3.8691847e-05
2025-11-14 17:00:00,-2.5625783e-05
2025-11-14 17:15:00,0.000255438
2025-11-14 17:30:00,0.000286421
2025-11-14 17:45:00,0.000286421
2025-11-14 18:00:00,-2.4921623e-05
2025-11-14 18:15:00,0.00024041595
2025-11-14 18:30:00,0.00029562725
2025-11-14 18:45:00,0.0002600281
2025-11-14 19:00:00,-3.8300645e-05
2025-11-14 19:15:00,-0.00010407432
2025-11-14 19:30:00,0.000248579
2025-11-14 19:45:00,-9.486809e-05
2025-11-14 20:00:00,0.00029406245
2025-11-14 20:15:00,0.000286421
2025-11-14 20:30:00,0.000286421
2025-11-14 20:45:00,7.694672e-05
2025-11-14 21:00:00,-0.00011518439
2025-11-14 21:15:00,0.00017166916
2025-11-14 21:30:00,-0.00011518439
2025-11-14 21:45:00,-0.00010415256
2025-11-14 22:00:00,0.0002848562
2025-11-14 22:15:00,-9.7267446e-05
2025-11-14 22:30:00,-9.7267446e-05
2025-11-14 22:45:00,0.00018204899
2025-11-14 23:00:00,0.000286421
2025-11-14 23:15:00,0.000286421
2025-11-14 23:30:00,-4.7324313e-05
2025-11-14 23:45:00,3.237606e-05
2025-11-15 00:00:00,-4.2447362e-05
2025-11-15 00:15:00,-4.2447362e-05
2025-11-15 00:30:00,0.00025906312
2025-11-15 00:45:00,-2.83381e-05
2025-11-15 01:00:00,2.018982e-06
2025-11-15 01:15:00,-3.506673e-05
2025-11-15 01:30:00,-4.2447362e-05
2025-11-15 01:45:00,-4.2447362e-05
2025-11-15 02:00:00,0.00019015986
2025-11-15 02:15:00,-4.2447362e-05
2025-11-15 02:30:00,-4.2447362e-05
2025-11-15 02:45:00,-5.793886e-05
2025-11-15 03:00:00,-5.793886e-05
2025-11-15 03:15:00,-5.793886e-05
2025-11-15 03:30:00,0.00028848133
2025-11-15 03:45:00,-5.269679e-05
2025-11-15 04:00:00,0.00024453658
2025-11-15 04:15:00,0.0002499873
2025-11-15 04:30:00,6.416754e-05
2025-11-15 04:45:00,-2.9850737e-05
2025-11-15 05:00:00,3.0237505e-05
2025-11-15 05:15:00,-1.7436672e-05
2025-11-15 05:30:00,-2.6642902e-05
2025-11-15 05:45:00,-5.793886e-05
2025-11-15 06:00:00,-5.793886e-05
2025-11-15 06:15:00,-2.758178e-05
2025-11-15 06:30:00,0.00026532233
2025-11-15 06:45:00,2.9950625e-05
2025-11-15 07:00:00,-1.198596e-05
2025-11-15 07:15:00,-4.2447362e-05
2025-11-15 07:30:00,0.00022023005
2025-11-15 07:45:00,-4.2447362e-05
2025-11-15 08:00:00,0.0002468577
2025-11-15 08:15:00,0.0002628708
2025-11-15 08:30:00,7.303473e-05
2025-11-15 08:45:00,-6.0658076e-06
2025-11-15 09:00:00,-7.183948e-05
2025-11-15 09:15:00,3.1176383e-05
2025-11-15 09:30:00,-5.843438e-05
2025-11-15 09:45:00,0.000265218
2025-11-15 10:00:00,-6.0658076e-06
2025-11-15 10:15:00,-2.5677942e-05
2025-11-15 10:30:00,-8.988682e-05
2025-11-15 10:45:00,2.0066318e-05
2025-11-15 11:00:00,6.2237625e-05
2025-11-15 11:15:00,-1.6654274e-05
2025-11-15 11:30:00,3.48015e-05
2025-11-15 11:45:00,6.361986e-05
2025-11-15 12:00:00,-3.8170245e-05
2025-11-15 12:15:00,-5.081903e-05
2025-11-15 12:30:00,0.00023564333
2025-11-15 12:45:00,-5.804318e-05
2025-11-15 13:00:00,-5.081903e-05
2025-11-15 13:15:00,3.6731417e-05
2025-11-15 13:30:00,-4.2447362e-05
2025-11-15 13:45:00,-4.2447362e-05
2025-11-15 14:00:00,-4.2447362e-05
2025-11-15 14:15:00,0.0002499873
2025-11-15 14:30:00,-1.8975392e-05
2025-11-15 14:45:00,-4.0830404e-05
2025-11-15 15:00:00,-4.2447362e-05
2025-11-15 15:15:00,-4.2447362e-05
2025-11-15 15:30:00,0.0002294363
2025-11-15 15:45:00,-3.0268016e-05
2025-11-15 16:00:00,0.00026584393
2025-11-15 16:15:00,7.303473e-05
2025-11-15 16:30:00,-2.2842123e-06
2025-11-15 16:45:00,-4.9332473e-05
2025-11-15 17:00:00,0.00024641433
2025-11-15 17:15:00,-2.2522267e-05
2025-11-15 17:30:00,-1.9105792e-05
2025-11-15 17:45:00,-4.2447362e-05
2025-11-15 18:00:00,-4.2447362e-05
2025-11-15 18:15:00,0.00024458874
2025-11-15 18:30:00,-2.1400829e-05
2025-11-15 18:45:00,2.7186148e-05
2025-11-15 19:00:00,-3.506673e-05
2025-11-15 19:15:00,1.797992e-05
2025-11-15 19:30:00,5.3031396e-05
2025-11-15 19:45:00,-3.4101773e-05
2025-11-15 20:00:00,7.856368e-05
2025-11-15 20:15:00,0.0002628708
2025-11-15 20:30:00,0.0002561161
2025-11-15 20:45:00,0.00024620572
2025-11-15 21:00:00,-4.7767673e-05
2025-11-15 21:15:00,0.00024114619
2025-11-15 21:30:00,0.000265218
2025-11-15 21:45:00,3.1404206e-06
2025-11-15 22:00:00,-3.277169e-05
2025-11-15 22:15:00,-5.081903e-05
2025-11-15 22:30:00,2.3013354e-05
2025-11-15 22:45:00,-7.439532e-05
2025-11-15 23:00:00,8.956254e-06
2025-11-15 23:15:00,-7.439532e-05
2025-11-15 23:30:00,-1.2670937e-06
2025-11-15 23:45:00,-7.439532e-05
2025-11-16 00:00:00,0.0002628708
2025-11-16 00:15:00,7.303473e-05
2025-11-16 00:30:00,-5.843438e-05
2025-11-16 00:45:00,3.328886e-05
2025-11-16 01:00:00,-8.826986e-05
2025-11-16 01:15:00,1.0494971e-05
2025-11-16 01:30:00,0.00028250902
2025-11-16 01:45:00,-5.162751e-05
2025-11-16 02:00:00,-3.2406573e-05
2025-11-16 02:15:00,-4.2447362e-05
2025-11-16 02:30:00,-4.2447362e-05
2025-11-16 02:45:00,-4.2447362e-05
2025-11-16 03:00:00,0.00018734322
2025-11-16 03:15:00,-4.0491363e-05
2025-11-16 03:30:00,-6.848206e-06
2025-11-16 03:45:00,-4.393392e-05
2025-11-16 04:00:00,-4.393392e-05
2025-11-16 04:15:00,-1.7567074e-05
2025-11-16 04:30:00,0.0002612017
2025-11-16 04:45:00,-4.0986884e-05
2025-11-16 05:00:00,-4.2447362e-05
2025-11-16 05:15:00,-1.209028e-05
2025-11-16 05:30:00,-1.6941154e-05
2025-11-16 05:45:00,1.831896e-05
2025-11-16 06:00:00,-4.7924153e-05
2025-11-16 06:15:00,-4.393392e-05
2025-11-16 06:30:00,-5.2312485e-06
2025-11-16 06:45:00,0.00027442424
2025-11-16 07:00:00,-1.2377159e-05
2025-11-16 07:15:00,3.5583897e-05
2025-11-16 07:30:00,-5.0558232e-05
2025-11-16 07:45:00,-4.2447362e-05
2025-11-16 08:00:00,1.0651451e-05
2025-11-16 08:15:00,4.6511403e-05
2025-11-16 08:30:00,-3.506673e-05
2025-11-16 08:45:00,-4.2447362e-05
2025-11-16 09:00:00,-4.709649e-06
2025-11-16 09:15:00,-3.506673e-05
2025-11-16 09:30:00,-4.2447362e-05
2025-11-16 09:45:00,6.124659e-05
2025-11-16 10:00:00,3.2378423e-07
2025-11-16 10:15:00,-1.3576838e-05
2025-11-16 10:30:00,1.13816905e-05
2025-11-16 10:45:00,-3.720529e-05
2025-11-16 11:00:00,0.00026975592
2025-11-16 11:15:00,0.00026975592
2025-11-16 11:30:00,7.303473e-05
2025-11-16 11:45:00,-4.08373e-06
2025-11-16 12:00:00,-2.1818107e-05
2025-11-16 12:15:00,-2.2183227e-05
2025-11-16 12:30:00,2.5073672e-05
2025-11-16 12:45:00,4.5389967e-05
2025-11-16 13:00:00,-2.5677942e-05
2025-11-16 13:15:00,0.00028250902
2025-11-16 13:30:00,0.0002628708
2025-11-16 13:45:00,-2.4295705e-05
2025-11-16 14:00:00,-7.183948e-05
2025-11-16 14:15:00,3.7279096e-05
2025-11-16 14:30:00,-5.081903e-05
2025-11-16 14:45:00,1.1251291e-05
2025-11-16 15:00:00,5.5013472e-05
2025-11-16 15:15:00,5.5013472e-05
2025-11-16 15:30:00,5.5013472e-05
2025-11-16 15:45:00,0.00026975592
2025-11-16 16:00:00,6.0281625e-05
2025-11-16 16:15:00,6.0281625e-05
2025-11-16 16:30:00,-2.1557307e-05
2025-11-16 16:45:00,4.812836e-05
2025-11-16 17:00:00,-4.0673924e-05
2025-11-16 17:15:00,-3.7674727e-05
2025-11-16 17:30:00,0.00026584393
2025-11-16 17:45:00,-2.4895544e-05
2025-11-16 18:00:00,7.220017e-05
2025-11-16 18:15:00,0.0002105544
2025-11-16 18:30:00,0.000286421
2025-11-16 18:45:00,7.694672e-05
2025-11-16 19:00:00,-9.7267446e-05
2025-11-16 19:15:00,-2.1661628e-05
2025-11-16 19:30:00,0.00024717065
2025-11-16 19:45:00,0.00027207704
2025-11-16 20:00:00,-0.00010537832
2025-11-16 20:15:00,-5.793886e-05
2025-11-16 20:30:00,0.00020831151
2025-11-16 20:45:00,0.00027207704
2025-11-16 21:00:00,0.000286421
2025-11-16 21:15:00,8.224096e-05
2025-11-16 21:30:00,0.00027207704
2025-11-16 21:45:00,1.49024845e-05
2025-11-16 22:00:00,7.5381926e-05
2025-11-16 22:15:00,-2.9720337e-05
2025-11-16 22:30:00,3.8661336e-05
2025-11-16 22:45:00,-4.2447362e-05
2025-11-16 23:00:00,0.00033284337
2025-11-16 23:15:00,-4.2447362e-05
2025-11-16 23:30:00,-4.2447362e-05
2025-11-16 23:45:00,3.2378423e-07
2025-11-17 00:00:00,2.018982e-06
2025-11-17 00:15:00,-4.2447362e-05
2025-11-17 00:30:00,-1.209028e-05
2025-11-17 00:45:00,-4.2447362e-05
2025-11-17 01:00:00,0.00017466836
2025-11-17 01:15:00,-5.793886e-05
2025-11-17 01:30:00,0.0002499873
2025-11-17 01:45:00,0.0002499873
2025-11-17 02:00:00,-5.793886e-05
2025-11-17 02:15:00,0.00017466836
2025-11-17 02:30:00,0.00019814033
2025-11-17 02:45:00,4.228645e-05
2025-11-17 03:00:00,-5.793886e-05
2025-11-17 03:15:00,-5.793886e-05
2025-11-17 03:30:00,-2.758178e-05
2025-11-17 03:45:00,-5.793886e-05
2025-11-17 04:00:00,0.00028848133
2025-11-17 04:15:00,-5.793886e-05
2025-11-17 04:30:00,-2.5964822e-05
2025-11-17 04:45:00,0.00026532233
2025-11-17 05:00:00,8.224096e-05
2025-11-17 05:15:00,-1.4698277e-05
2025-11-17 05:30:00,3.7279096e-05
2025-11-17 05:45:00,3.7279096e-05
2025-11-17 06:00:00,0.00027442424
2025-11-17 06:15:00,-3.577089e-05
2025-11-17 06:30:00,7.282609e-05
2025-11-17 06:45:00,-4.2447362e-05
2025-11-17 07:00:00,-4.2447362e-05
2025-11-17 07:15:00,-4.2447362e-05
2025-11-17 07:30:00,-4.2447362e-05
2025-11-17 07:45:00,3.2378423e-07
2025-11-17 08:00:00,-4.393392e-05
2025-11-17 08:15:00,-4.2447362e-05
2025-11-17 08:30:00,0.00020640768
2025-11-17 08:45:00,1.13816905e-05
2025-11-17 09:00:00,6.35677e-05
2025-11-17 09:15:00,-4.2447362e-05
2025-11-17 09:30:00,-4.2447362e-05
2025-11-17 09:45:00,9.217053e-06
2025-11-17 10:00:00,-4.2447362e-05
2025-11-17 10:15:00,0.0002468577
2025-11-17 10:30:00,-3.6996647e-05
2025-11-17 10:45:00,2.8985667e-05
2025-11-17 11:00:00,-3.6996647e-05
2025-11-17 11:15:00,-1.7626131e-06
2025-11-17 11:30:00,4.3147087e-05
2025-11-17 11:45:00,5.3031396e-05
2025-11-17 12:00:00,0.0002561161
2025-11-17 12:15:00,-2.5677942e-05
2025-11-17 12:30:00,6.661216e-06
2025-11-17 12:45:00,0.00026266216
2025-11-17 13:00:00,0.000286421
2025-11-17 13:15:00,0.000286421
2025-11-17 13:30:00,0.00026975592
2025-11-17 13:45:00,-9.117163e-06
2025-11-17 14:00:00,-3.9787203e-05
2025-11-17 14:15:00,-3.7674727e-05
2025-11-17 14:30:00,8.356415e-06
2025-11-17 14:45:00,0.00020244352
2025-11-17 15:00:00,0.00028250902
2025-11-17 15:15:00,3.3490603e-06
2025-11-17 15:30:00,0.0002561161
2025-11-17 15:45:00,0.0002561161
2025-11-17 16:00:00,0.000286421
2025-11-17 16:15:00,-8.4566505e-05
2025-11-17 16:30:00,-8.427963e-05
2025-11-17 16:45:00,-9.7267446e-05
2025-11-17 17:00:00,0.00024185036
2025-11-17 17:15:00,0.00029562725
2025-11-17 17:30:00,0.000286421
2025-11-17 17:45:00,7.694672e-05
2025-11-17 18:00:00,1.2555289e-05
2025-11-17 18:15:00,0.00028250902
2025-11-17 18:30:00,-4.0673924e-05
2025-11-17 18:45:00,4.812836e-05
2025-11-17 19:00:00,0.0002628708
2025-11-17 19:15:00,7.303473e-05
2025-11-17 19:30:00,0.000286421
2025-11-17 19:45:00,0.0002667828
2025-11-17 20:00:00,0.0002683215
2025-11-17 20:15:00,-0.00010459592
2025-11-17 20:30:00,1.130345e-05
2025-11-17 20:45:00,-7.6116594e-05
2025-11-17 21:00:00,-6.9309724e-05
2025-11-17 21:15:00,0.00026680887
2025-11-17 21:30:00,1.6128244e-05
2025-11-17 21:45:00,-4.388176e-05
2025-11-17 22:00:00,-5.819966e-05
2025-11-17 22:15:00,-5.819966e-05
2025-11-17 22:30:00,-5.793886e-05
2025-11-17 22:45:00,-7.7870845e-06
2025-11-17 23:00:00,0.0002588545
2025-11-17 23:15:00,7.303473e-05
2025-11-17 23:30:00,2.3195915e-05
2025-11-17 23:45:00,-4.2447362e-05
2025-11-18 00:00:00,-1.209028e-05
2025-11-18 00:15:00,0.00025606394
2025-11-18 00:30:00,0.000286421
2025-11-18 00:45:00,-4.2447362e-05
2025-11-18 01:00:00,0.00021790894
2025-11-18 01:15:00,4.5389967e-05
2025-11-18 01:30:00,-7.4480454e-06
2025-11-18 01:45:00,0.00027442424
2025-11-18 02:00:00,0.000286421
2025-11-18 02:15:00,-4.7767673e-05
2025-11-18 02:30:00,0.00029406245
2025-11-18 02:45:00,0.000286421
2025-11-18 03:00:00,0.00026975592
2025-11-18 03:15:00,0.000286421
2025-11-18 03:30:00,-7.684684e-05
2025-11-18 03:45:00,-3.9056966e-05
2025-11-18 04:00:00,0.00028250902
2025-11-18 04:15:00,0.000286421
2025-11-18 04:30:00,7.694672e-05
2025-11-18 04:45:00,-1.8558112e-05
2025-11-18 05:00:00,-5.937326e-05
2025-11-18 05:15:00,-8.960684e-06
2025-11-18 05:30:00,0.00027442424
2025-11-18 05:45:00,-4.388176e-05
2025-11-18 06:00:00,-4.892209e-06
2025-11-18 06:15:00,3.9521972e-05
2025-11-18 06:30:00,0.000286421
2025-11-18 06:45:00,4.241685e-05
2025-11-18 07:00:00,-5.5800305e-05
2025-11-18 07:15:00,-5.819966e-05
2025-11-18 07:30:00,-5.793886e-05
2025-11-18 07:45:00,-5.793886e-05
2025-11-18 08:00:00,-5.793886e-05
2025-11-18 08:15:00,-4.2447362e-05
2025-11-18 08:30:00,-4.2447362e-05
2025-11-18 08:45:00,3.2378423e-07
2025-11-18 09:00:00,-2.9068338e-05
2025-11-18 09:15:00,0.0002499873
2025-11-18 09:30:00,-5.942542e-05
2025-11-18 09:45:00,-5.793886e-05
2025-11-18 10:00:00,-2.758178e-05
2025-11-18 10:15:00,-3.305857e-05
2025-11-18 10:30:00,-5.793886e-05
2025-11-18 10:45:00,-5.793886e-05
2025-11-18 11:00:00,-9.925642e-06
2025-11-18 11:15:00,-5.269679e-05
2025-11-18 11:30:00,-5.942542e-05
2025-11-18 11:45:00,-2.9068338e-05
2025-11-18 12:00:00,0.00028250902
2025-11-18 12:15:00,3.6157657e-05
2025-11-18 12:30:00,-5.793886e-05
2025-11-18 12:45:00,0.0001694002
2025-11-18 13:00:00,-3.1970112e-06
2025-11-18 13:15:00,0.0002628708
2025-11-18 13:30:00,7.303473e-05
2025-11-18 13:45:00,-5.0558232e-05
2025-11-18 14:00:00,0.00023947707
2025-11-18 14:15:00,-4.2447362e-05
2025-11-18 14:30:00,0.0002887682
2025-11-18 14:45:00,4.8623882e-05
2025-11-18 15:00:00,8.769167e-05
2025-11-18 15:15:00,8.6544154e-05
2025-11-18 15:30:00,-1.209028e-05
2025-11-18 15:45:00,-5.793886e-05
2025-11-18 16:00:00,-5.793886e-05
2025-11-18 16:15:00,-6.9048925e-05
2025-11-18 16:30:00,0.00020056576
2025-11-18 16:45:00,-6.9048925e-05
2025-11-18 17:00:00,0.00024453658
2025-11-18 17:15:00,0.00028848133
2025-11-18 17:30:00,-7.053548e-05
2025-11-18 17:45:00,-4.0178405e-05
2025-11-18 18:00:00,-6.9048925e-05
2025-11-18 18:15:00,0.00029082852
2025-11-18 18:30:00,-4.9045593e-05
2025-11-18 18:45:00,1.2242329e-05
2025-11-18 19:00:00,-5.793886e-05
2025-11-18 19:15:00,-2.9068338e-05
2025-11-18 19:30:00,0.00026555703
2025-11-18 19:45:00,7.5720964e-05
2025-11-18 20:00:00,8.458815e-05
2025-11-18 20:15:00,5.4615375e-06
2025-11-18 20:30:00,0.00028250902
2025-11-18 20:45:00,1.49024845e-05
2025-11-18 21:00:00,-3.277169e-05
2025-11-18 21:15:00,3.8661336e-05
2025-11-18 21:30:00,0.0002561161
2025-11-18 21:45:00,8.224096e-05
2025-11-18 22:00:00,-4.270816e-05
2025-11-18 22:15:00,-4.2447362e-05
2025-11-18 22:30:00,-4.2447362e-05
2025-11-18 22:45:00,1.4433045e-05
2025-11-18 23:00:00,0.00029171526
2025-11-18 23:15:00,5.1623076e-05
2025-11-18 23:30:00,6.7655365e-06
2025-11-18 23:45:00,-5.081903e-05
2025-11-19 00:00:00,0.00028250902
2025-11-19 00:15:00,0.0002667828
2025-11-19 00:30:00,-4.7767673e-05
2025-11-19 00:45:00,0.000255438
2025-11-19 01:00:00,0.00028250902
2025-11-19 01:15:00,-8.699883e-06
2025-11-19 01:30:00,4.786756e-05
2025-11-19 01:45:00,-2.3565466e-05
2025-11-19 02:00:00,-4.270816e-05
2025-11-19 02:15:00,3.2378423e-07
2025-11-19 02:30:00,-3.9317765e-05
2025-11-19 02:45:00,2.0248877e-05
2025-11-19 03:00:00,0.00027207704
2025-11-19 03:15:00,8.458815e-05
2025-11-19 03:30:00,0.000286421
2025-11-19 03:45:00,7.303473e-05
2025-11-19 04:00:00,0.00027207704
2025-11-19 04:15:00,7.5381926e-05
2025-11-19 04:30:00,0.0002561161
2025-11-19 04:45:00,0.0002600281
2025-11-19 05:00:00,0.0002600281
2025-11-19 05:15:00,8.224096e-05
2025-11-19 05:30:00,0.000286421
2025-11-19 05:45:00,2.5751751e-05
2025-11-19 06:00:00,-4.8784794e-05
2025-11-19 06:15:00,-5.937326e-05
2025-11-19 06:30:00,-5.937326e-05
2025-11-19 06:45:00,-7.580364e-05
2025-11-19 07:00:00,-5.819966e-05
2025-11-19 07:15:00,-2.758178e-05
2025-11-19 07:30:00,-5.793886e-05
2025-11-19 07:45:00,-5.793886e-05
2025-11-19 08:00:00,-2.758178e-05
2025-11-19 08:15:00,-5.793886e-05
2025-11-19 08:30:00,0.00028848133
2025-11-19 08:45:00,6.901842e-05
2025-11-19 09:00:00,7.702496e-05
2025-11-19 09:15:00,8.458815e-05
2025-11-19 09:30:00,-4.9332473e-05
2025-11-19 09:45:00,-4.9332473e-05
2025-11-19 10:00:00,-4.9332473e-05
2025-11-19 10:15:00,3.1515425e-05
2025-11-19 10:30:00,3.1854463e-05
2025-11-19 10:45:00,0.00027442424
2025-11-19 11:00:00,-4.2447362e-05
2025-11-19 11:15:00,-1.3576838e-05
2025-11-19 11:30:00,-3.506673e-05
2025-11-19 11:45:00,0.00027176406
2025-11-19 12:00:00,1.6545522e-05
2025-11-19 12:15:00,6.2237625e-05
2025-11-19 12:30:00,-1.8975392e-05
2025-11-19 12:45:00,3.6731417e-05
2025-11-19 13:00:00,0.00019754049
2025-11-19 13:15:00,-4.2447362e-05
2025-11-19 13:30:00,0.00028809014
2025-11-19 13:45:00,7.303473e-05
2025-11-19 14:00:00,8.6693735e-06
2025-11-19 14:15:00,0.00026584393
2025-11-19 14:30:00,3.6731417e-05
2025-11-19 14:45:00,-1.209028e-05
2025-11-19 15:00:00,6.124659e-05
2025-11-19 15:15:00,0.00026975592
2025-11-19 15:30:00,0.00026975592
2025-11-19 15:45:00,0.00026975592
2025-11-19 16:00:00,7.547935e-06
2025-11-19 16:15:00,0.000286421
2025-11-19 16:30:00,4.241685e-05
2025-11-19 16:45:00,-1.8558112e-05
2025-11-19 17:00:00,0.00026584393
2025-11-19 17:15:00,4.4764045e-05
2025-11-19 17:30:00,0.0002628708
2025-11-19 17:45:00,-5.9216778e-05
2025-11-19 18:00:00,-5.9216778e-05
2025-11-19 18:15:00,0.000286421
2025-11-19 18:30:00,0.0002667828
2025-11-19 18:45:00,-4.0178405e-05
2025-11-19 19:00:00,-3.0163697e-05
2025-11-19 19:15:00,0.00027442424
2025-11-19 19:30:00,0.0002561161
2025-11-19 19:45:00,8.486814e-06
2025-11-19 20:00:00,0.00027442424
2025-11-19 20:15:00,-5.819966e-05
2025-11-19 20:30:00,0.00017466836
2025-11-19 20:45:00,-5.819966e-05
2025-11-19 21:00:00,-5.793886e-05
2025-11-19 21:15:00,0.00020901568
2025-11-19 21:30:00,-5.793886e-05
2025-11-19 21:45:00,-5.793886e-05
2025-11-19 22:00:00,0.00018536115
2025-11-19 22:15:00,-5.793886e-05
2025-11-19 22:30:00,-1.7984352e-05
2025-11-19 22:45:00,-2.5625783e-05
2025-11-19 23:00:00,-6.9048925e-05
2025-11-19 23:15:00,-6.9048925e-05
2025-11-19 23:30:00,-2.6277781e-05
2025-11-19 23:45:00,-7.948091e-05
2025-11-20 00:00:00,-4.912383e-05
2025-11-20 00:15:00,-9.025194e-05
2025-11-20 00:30:00,-9.025194e-05
2025-11-20 00:45:00,0.00017936275
2025-11-20 01:00:00,-6.9048925e-05
2025-11-20 01:15:00,-6.9048925e-05
2025-11-20 01:30:00,-6.9048925e-05
2025-11-20 01:45:00,-6.9048925e-05
2025-11-20 02:00:00,-6.9048925e-05
2025-11-20 02:15:00,0.00019814033
2025-11-20 02:30:00,5.4700515e-05
2025-11-20 02:45:00,-7.053548e-05
2025-11-20 03:00:00,0.00017991044
2025-11-20 03:15:00,-4.3966897e-06
2025-11-20 03:30:00,-4.938463e-05
2025-11-20 03:45:00,-2.6121303e-05
2025-11-20 04:00:00,-5.2488147e-05
2025-11-20 04:15:00,0.00025635082
2025-11-20 04:30:00,7.5218554e-06
2025-11-20 04:45:00,-5.793886e-05
2025-11-20 05:00:00,-1.209028e-05
2025-11-20 05:15:00,0.00019540192
2025-11-20 05:30:00,6.0151226e-05
2025-11-20 05:45:00,-1.8975392e-05
2025-11-20 06:00:00,-4.393392e-05
2025-11-20 06:15:00,0.0002584633
2025-11-20 06:30:00,0.000286421
2025-11-20 06:45:00,3.3490603e-06
2025-11-20 07:00:00,1.4772085e-05
2025-11-20 07:15:00,5.131012e-05
2025-11-20 07:30:00,-2.2183227e-05
2025-11-20 07:45:00,-4.9593273e-05
2025-11-20 08:00:00,0.00021454462
2025-11-20 08:15:00,-2.839026e-05
2025-11-20 08:30:00,2.2276217e-06
2025-11-20 08:45:00,0.0002468577
2025-11-20 09:00:00,4.6120203e-05
2025-11-20 09:15:00,0.0002561161
2025-11-20 09:30:00,7.303473e-05
2025-11-20 09:45:00,4.0532195e-06
2025-11-20 10:00:00,0.0002584633
2025-11-20 10:15:00,-3.1989293e-05
2025-11-20 10:30:00,0.00024443227
2025-11-20 10:45:00,2.670981e-06
2025-11-20 11:00:00,7.282609e-05
2025-11-20 11:15:00,0.0002628708
2025-11-20 11:30:00,-4.9202074e-05
2025-11-20 11:45:00,-4.270816e-05
2025-11-20 12:00:00,0.0002288886
2025-11-20 12:15:00,-1.6322133e-06
2025-11-20 12:30:00,-2.4947703e-05
2025-11-20 12:45:00,-5.081903e-05
2025-11-20 13:00:00,-4.2447362e-05
2025-11-20 13:15:00,7.704415e-06
2025-11-20 13:30:00,0.00026584393
2025-11-20 13:45:00,5.636963e-05
2025-11-20 14:00:00,0.00025165643
2025-11-20 14:15:00,-3.9343846e-05
2025-11-20 14:30:00,0.00026819113
2025-11-20 14:45:00,-3.1024334e-05
2025-11-20 15:00:00,0.000286421
2025-11-20 15:15:00,3.3490603e-06
2025-11-20 15:30:00,4.812836e-05
2025-11-20 15:45:00,0.000286421
2025-11-20 16:00:00,0.001448127
2025-11-20 16:15:00,8.745695e-05
2025-11-20 16:30:00,0.00048361166
2025-11-20 16:45:00,0.00048361166
2025-11-20 17:00:00,0.0017768389
2025-11-20 17:15:00,0.00019879233
2025-11-20 17:30:00,0.00045534098
2025-11-20 17:45:00,-5.666094e-05
2025-11-20 18:00:00,-6.7249406e-05
2025-11-20 18:15:00,0.00028250902
2025-11-20 18:30:00,0.00027598903
2025-11-20 18:45:00,0.00025815034
2025-11-20 19:00:00,7.303473e-05
2025-11-20 19:15:00,-6.7249406e-05
2025-11-20 19:30:00,0.00015487366
2025-11-20 19:45:00,-9.8623605e-05
2025-11-20 20:00:00,0.00026735655
2025-11-20 20:15:00,-9.051274e-05
2025-11-20 20:30:00,0.00025658554
2025-11-20 20:45:00,7.303473e-05
2025-11-20 21:00:00,-5.819966e-05
2025-11-20 21:15:00,-5.819966e-05
2025-11-20 21:30:00,-5.793886e-05
2025-11-20 21:45:00,0.0002105544
2025-11-20 22:00:00,-5.793886e-05
2025-11-20 22:15:00,-5.793886e-05
2025-11-20 22:30:00,-5.793886e-05
2025-11-20 22:45:00,-3.305857e-05
2025-11-20 23:00:00,0.00029239332
2025-11-20 23:15:00,0.000286421
2025-11-20 23:30:00,0.0002667828
2025-11-20 23:45:00,0.000286421
2025-11-21 00:00:00,-6.4745735e-05
2025-11-21 00:15:00,-3.8796166e-05
2025-11-21 00:30:00,2.1493818e-06
2025-11-21 00:45:00,-1.1177481e-05
2025-11-21 01:00:00,6.3072184e-05
2025-11-21 01:15:00,-2.6199541e-05
2025-11-21 01:30:00,-8.230444e-06
2025-11-21 01:45:00,0.00027442424
2025-11-21 02:00:00,0.000286421
2025-11-21 02:15:00,4.241685e-05
2025-11-21 02:30:00,0.000286421
2025-11-21 02:45:00,0.00025815034
2025-11-21 03:00:00,-4.315152e-05
2025-11-21 03:15:00,2.661239e-05
2025-11-21 03:30:00,-5.5800305e-05
2025-11-21 03:45:00,0.00022218606
2025-11-21 04:00:00,7.5381926e-05
2025-11-21 04:15:00,5.200738e-06
2025-11-21 04:30:00,-4.8263195e-05
2025-11-21 04:45:00,-5.819966e-05
2025-11-21 05:00:00,-5.819966e-05
2025-11-21 05:15:00,-5.819966e-05
2025-11-21 05:30:00,0.00020700751
2025-11-21 05:45:00,-5.157535e-05
2025-11-21 06:00:00,0.00025340376
2025-11-21 06:15:00,0.000286421
2025-11-21 06:30:00,4.241685e-05
2025-11-21 06:45:00,7.5381926e-05
2025-11-21 07:00:00,4.812836e-05
2025-11-21 07:15:00,0.00028250902
2025-11-21 07:30:00,0.00019827073
2025-11-21 07:45:00,0.00025815034
2025-11-21 08:00:00,-1.7462753e-05
2025-11-21 08:15:00,0.00022398557
2025-11-21 08:30:00,0.00025815034
2025-11-21 08:45:00,0.0002667828
2025-11-21 09:00:00,5.3970274e-05
2025-11-21 09:15:00,-9.404042e-06
2025-11-21 09:30:00,0.00024005084
2025-11-21 09:45:00,0.00035472444
2025-11-21 10:00:00,4.2182128e-05
2025-11-21 10:15:00,7.303473e-05
2025-11-21 10:30:00,-6.7249406e-05
2025-11-21 10:45:00,-8.057627e-05
2025-11-21 11:00:00,-9.051274e-05
2025-11-21 11:15:00,-8.5792264e-05
2025-11-21 11:30:00,0.00026344456
2025-11-21 11:45:00,0.0002667828
2025-11-21 12:00:00,7.303473e-05
2025-11-21 12:15:00,-0.00020620346
2025-11-21 12:30:00,0.0015009389
2025-11-21 12:45:00,-6.9048925e-05
2025-11-21 13:00:00,-6.9048925e-05
2025-11-21 13:15:00,0.00020056576
2025-11-21 13:30:00,-6.9048925e-05
2025-11-21 13:45:00,-3.8691847e-05
2025-11-21 14:00:00,0.00021840446
2025-11-21 14:15:00,0.0002499873
2025-11-21 14:30:00,-9.025194e-05
2025-11-21 14:45:00,-5.9894857e-05
2025-11-21 15:00:00,0.00027038183
2025-11-21 15:15:00,0.0002683215
2025-11-21 15:30:00,0.0002683215
2025-11-21 15:45:00,0.000286421
2025-11-21 16:00:00,5.4935233e-05
2025-11-21 16:15:00,-7.7264114e-05
2025-11-21 16:30:00,-6.0338218e-05
2025-11-21 16:45:00,-9.025194e-05
2025-11-21 17:00:00,-9.025194e-05
2025-11-21 17:15:00,-6.9048925e-05
2025-11-21 17:30:00,-3.8691847e-05
2025-11-21 17:45:00,0.00028848133
2025-11-21 18:00:00,0.0001658794
2025-11-21 18:15:00,-4.072608e-05
2025-11-21 18:30:00,-6.9048925e-05
2025-11-21 18:45:00,-6.9048925e-05
2025-11-21 19:00:00,-3.8691847e-05
2025-11-21 19:15:00,-6.9048925e-05
2025-11-21 19:30:00,0.00029171526
2025-11-21 19:45:00,0.00026923433
2025-11-21 20:00:00,4.267765e-05
2025-11-21 20:15:00,0.000286421
2025-11-21 20:30:00,-6.753629e-05
2025-11-21 20:45:00,-5.793886e-05
2025-11-21 21:00:00,-5.793886e-05
2025-11-21 21:15:00,-5.793886e-05
2025-11-21 21:30:00,-5.793886e-05
2025-11-21 21:45:00,-2.758178e-05
2025-11-21 22:00:00,-2.9068338e-05
2025-11-21 22:15:00,0.00028848133
2025-11-21 22:30:00,0.0002588545
2025-11-21 22:45:00,0.00029562725
2025-11-21 23:00:00,5.3970274e-05
2025-11-21 23:15:00,-4.2447362e-05
2025-11-21 23:30:00,-4.2447362e-05
2025-11-21 23:45:00,-4.5368317e-05
2025-11-22 00:00:00,-4.2447362e-05
2025-11-22 00:15:00,0.00029562725
2025-11-22 00:30:00,-1.8975392e-05
2025-11-22 00:45:00,0.000286421
2025-11-22 01:00:00,7.5381926e-05
2025-11-22 01:15:00,-2.812946e-05
2025-11-22 01:30:00,-5.0558232e-05
2025-11-22 01:45:00,-4.2447362e-05
2025-11-22 02:00:00,3.305414e-05
2025-11-22 02:15:00,8.224096e-05
2025-11-22 02:30:00,0.00026620904
2025-11-22 02:45:00,2.577783e-05
2025-11-22 03:00:00,8.043455e-06
2025-11-22 03:15:00,1.5189365e-05
2025-11-22 03:30:00,7.3530246e-05
2025-11-22 03:45:00,2.0692238e-05
2025-11-22 04:00:00,4.226037e-05
2025-11-22 04:15:00,4.283413e-05
2025-11-22 04:30:00,5.2040356e-05
2025-11-22 04:45:00,-4.0308805e-05
2025-11-22 05:00:00,-1.2559719e-05
2025-11-22 05:15:00,2.4395593e-05
2025-11-22 05:30:00,5.2040356e-05
2025-11-22 05:45:00,-5.081903e-05
2025-11-22 06:00:00,-4.229088e-05
2025-11-22 06:15:00,-4.2447362e-05
2025-11-22 06:30:00,-4.2447362e-05
2025-11-22 06:45:00,-4.229088e-05
2025-11-22 07:00:00,2.4623414e-06
2025-11-22 07:15:00,-1.0108201e-05
2025-11-22 07:30:00,-4.393392e-05
2025-11-22 07:45:00,-4.377744e-05
2025-11-22 08:00:00,-2.818162e-05
2025-11-22 08:15:00,4.226037e-05
2025-11-22 08:30:00,4.283413e-05
2025-11-22 08:45:00,4.283413e-05
2025-11-22 09:00:00,-4.925423e-05
2025-11-22 09:15:00,2.4395593e-05
2025-11-22 09:30:00,2.6169031e-05
2025-11-22 09:45:00,4.283413e-05
2025-11-22 10:00:00,-4.951503e-05
2025-11-22 10:15:00,3.305414e-05
2025-11-22 10:30:00,7.303473e-05
2025-11-22 10:45:00,4.4764045e-05
2025-11-22 11:00:00,-5.081903e-05
2025-11-22 11:15:00,-4.2447362e-05
2025-11-22 11:30:00,-4.2447362e-05
2025-11-22 11:45:00,2.4623414e-06
2025-11-22 12:00:00,2.0301039e-05
2025-11-22 12:15:00,7.303473e-05
2025-11-22 12:30:00,3.3001983e-05
2025-11-22 12:45:00,-4.9202074e-05
2025-11-22 13:00:00,-4.2447362e-05
2025-11-22 13:15:00,-3.2230912e-06
2025-11-22 13:30:00,-1.2246759e-05
2025-11-22 13:45:00,-1.2246759e-05
2025-11-22 14:00:00,-4.2447362e-05
2025-11-22 14:15:00,6.124659e-05
2025-11-22 14:30:00,-3.1363375e-05
2025-11-22 14:45:00,-4.7924153e-05
2025-11-22 15:00:00,2.3795754e-05
2025-11-22 15:15:00,-4.4690238e-05
2025-11-22 15:30:00,4.226037e-05
2025-11-22 15:45:00,-3.3554094e-05
2025-11-22 16:00:00,-4.2447362e-05
2025-11-22 16:15:00,-4.229088e-05
2025-11-22 16:30:00,-4.2447362e-05
2025-11-22 16:45:00,-3.1363375e-05
2025-11-22 17:00:00,2.4499912e-05
2025-11-22 17:15:00,-4.7924153e-05
2025-11-22 17:30:00,5.3242394e-07
2025-11-22 17:45:00,-3.0268016e-05
2025-11-22 18:00:00,-4.7924153e-05
2025-11-22 18:15:00,-4.0830404e-05
2025-11-22 18:30:00,-1.5506756e-05
2025-11-22 18:45:00,-3.6996647e-05
2025-11-22 19:00:00,-4.2447362e-05
2025-11-22 19:15:00,-1.2116359e-05
2025-11-22 19:30:00,6.009217e-06
2025-11-22 19:45:00,-2.1400829e-05
2025-11-22 20:00:00,-4.2447362e-05
2025-11-22 20:15:00,-4.229088e-05
2025-11-22 20:30:00,3.305414e-05
2025-11-22 20:45:00,4.4764045e-05
2025-11-22 21:00:00,5.2040356e-05
2025-11-22 21:15:00,4.220821e-05
2025-11-22 21:30:00,8.043455e-06
2025-11-22 21:45:00,6.661216e-06
2025-11-22 22:00:00,-4.2447362e-05
2025-11-22 22:15:00,-4.2447362e-05
2025-11-22 22:30:00,-4.2447362e-05
2025-11-22 22:45:00,-2.5808342e-05
2025-11-22 23:00:00,-4.229088e-05
2025-11-22 23:15:00,-6.404847e-06
2025-11-22 23:30:00,4.228645e-05
