row_id,Prediction
0,1.966303717534321e-05
1,1.9335280247199694e-05
2,-3.757921763787464e-05
3,-0.00014817178877844992
4,-0.00018070402527788076
5,-0.0001577668232557056
6,-0.0001511435784326336
7,1.0125525624792686e-05
8,-1.866327411112852e-05
9,-0.0001137121514597081
10,4.783851731922372e-05
11,-3.894840626221191e-05
12,-6.266259709090376e-05
13,-0.00017443726871534584
14,-0.0001803366822654334
15,-0.00020075014452584398
16,-5.553386997105932e-05
17,-2.5100366300602294e-05
18,-2.2409426920388744e-07
19,-4.334080037503597e-05
20,-0.00014787975401388663
21,-7.292405419035989e-05
22,4.3325187300584794e-05
23,-7.477070945759294e-05
24,-0.00012954702819588883
25,-8.951585596753272e-05
26,5.930065773060052e-05
27,2.635070456251521e-05
28,-9.205357904619095e-05
29,9.879825832082195e-05
30,-0.0001178183597295753
31,-5.3974785244392196e-05
32,-0.0002156420366023871
33,-1.4578236420889032e-05
34,-3.00218551038609e-05
35,-0.00011581839571945871
36,-3.672910180291677e-05
37,-0.00012201587531592908
38,3.8217088938504e-05
39,5.1276746612884833e-05
40,8.094710563148038e-05
41,-6.0510259669757486e-05
42,7.340696624130464e-07
43,-0.00015161776694106087
44,-0.00019774020464196913
45,-0.00013310555442731507
46,-7.228926639236642e-05
47,-5.9046918132010784e-05
48,-1.7865300021486986e-05
49,-6.12691411821462e-05
50,-0.00016411945633440254
51,-2.091545593308003e-05
52,-0.00026618372196571944
53,-2.051106949453692e-05
54,-0.00017282044359955118
55,-0.00018989251884677323
56,-0.0003387014311425813
57,-5.200325642708583e-05
58,1.0078852832877893e-05
59,-0.00023521058475451704
60,-0.00025076380858380775
61,-6.958240288514206e-05
62,1.672330484225754e-05
63,0.0001012406761767962
64,-6.73902486237835e-07
65,3.1516140696747324e-05
66,7.271153534934255e-05
67,-6.316152044640365e-05
68,3.930570898422049e-05
69,-3.317669675687258e-05
70,-2.3844925612275084e-05
71,-3.294952211734184e-05
72,3.669391224829683e-05
73,-7.877846612148482e-05
74,-9.07715212340492e-07
75,-6.724226043311299e-05
76,0.00011959053680999493
77,0.00016741137336393657
78,-8.20959697269169e-05
79,4.221733905051141e-05
80,8.830013767653097e-05
81,7.677130544474101e-05
82,7.987727051589145e-05
83,-7.000753555347766e-05
84,0.00013048533323748048
85,-2.2395389533411594e-05
86,-3.1845022824668856e-05
87,-0.00012107856516335753
88,0.00015612352819399157
89,0.00014203976733273481
90,-1.3599449903417182e-05
91,-6.089830116974467e-05
92,-1.3238231181654045e-06
93,8.691221376473631e-05
94,-1.741412499882854e-05
95,-4.816297073582675e-05
96,-4.753946283072687e-05
97,-1.0676379740511767e-05
98,-0.00010720907334974056
99,4.2043813905344235e-05
100,7.252661136856191e-05
101,-2.439973367001627e-05
102,8.442626557834226e-06
103,-2.4949795979377484e-05
104,-4.41485724052468e-05
105,-6.213689661311305e-05
106,2.3225606965439327e-05
107,-3.994010296996698e-05
108,6.730261291177731e-05
109,-7.072963738059502e-05
110,-2.5832446951069284e-05
111,1.5319975814054567e-05
112,6.799095602420971e-05
113,3.3258476711752923e-05
114,-2.4127458659948476e-05
115,-5.356916473334683e-05
116,2.6060150248447613e-05
117,-5.998012793010822e-05
118,-2.437992572747659e-05
119,8.653262564632085e-06
120,-4.7589941896258154e-05
121,-5.7561736435214385e-05
122,3.9961762350409985e-05
123,-2.8383190461217055e-05
124,5.694839128647471e-05
125,-6.886413549850418e-05
126,-5.5554822203597914e-05
127,-9.625249973005498e-05
128,-1.3880785687357975e-05
129,5.079398157353737e-05
130,-6.523335582724192e-05
131,-1.3981143271351321e-05
132,8.654989519059183e-05
133,-5.864290818479982e-05
134,7.230628706594564e-05
135,1.1597114842182069e-05
136,2.5457592329773253e-05
137,-1.24576125126973e-05
138,-0.00012213875292880843
139,-0.00011238916970188813
140,3.3064694419269205e-05
141,-6.725814146461045e-05
142,1.0979953583673565e-05
143,-3.8625478584849367e-05
144,1.646622344160537e-05
145,-8.732454586121295e-05
146,1.3758692421664948e-05
147,0.00011641818065026928
148,8.284765127788999e-05
149,-6.461948629992677e-05
150,3.907928818749117e-05
151,-1.1011261815994281e-05
152,-4.785180029056956e-05
153,-7.514696170255665e-06
154,-4.434460412391098e-05
155,-2.7727793594890206e-05
156,4.809720770217369e-05
157,1.4725985550642378e-05
158,-0.0001300515049420904
159,-0.00011587168240988124
160,4.1017604865675305e-05
161,5.468130500700055e-05
162,-6.767402086307473e-05
163,-0.00019211376000077558
164,-7.144653411153092e-05
165,-6.63295140611698e-05
166,8.24936288505103e-05
167,4.248241134089298e-05
168,5.993060532626625e-05
169,6.074278914869314e-05
170,0.00010425109466362182
171,8.769983587641236e-05
172,-4.116862723268548e-05
173,0.000153833266067233
174,-3.65037325585084e-05
175,-0.00011447757815859809
176,-1.6585020865504994e-05
177,7.070784302283776e-05
178,-8.321792116433666e-05
179,-3.953578182822541e-05
180,5.2470171362053844e-05
181,-4.574364804132885e-05
182,5.2831666550078495e-05
183,-2.042455259105183e-06
184,-8.445719245227662e-05
185,-3.0151304412277927e-05
186,-3.681357936386649e-06
187,-4.676997673078436e-05
188,1.956333272670466e-05
189,-6.737938907303434e-05
190,4.314237271427442e-05
191,8.317867975166787e-05
192,8.285029485644787e-05
193,-2.0613761226876636e-05
194,8.06017131495329e-05
195,-8.116059514634531e-06
196,-2.224543179259799e-05
197,-1.841166267712716e-05
198,-9.09091694980486e-05
199,2.5379748182403e-05
200,-4.3844807984587517e-05
201,7.19760647815494e-05
202,4.8766088494152436e-05
203,-5.7267456776408946e-05
204,1.511863258226605e-05
205,-3.743128786522257e-05
206,5.194253296981203e-05
207,-5.007092107870546e-05
208,-9.59483853115708e-05
209,-0.00022147196554620432
210,-2.2033464414642607e-05
211,0.00011747769315204234
212,-5.505857570730331e-05
213,-7.563636150901968e-05
214,9.214038041974328e-05
215,9.007282838862655e-05
216,2.9854301326829647e-05
217,-8.26179968567325e-06
218,6.878926847287933e-05
219,8.998700455371659e-05
220,3.614872550815533e-05
221,3.112263328121805e-05
222,5.5667533940545006e-06
223,-5.2279621795234786e-05
224,-8.708235876064023e-05
225,1.3366858181358129e-05
226,-3.841238460052472e-05
227,0.00011772104959685977
228,0.00010565203369064248
229,-6.562689978245717e-06
230,-7.233227443242452e-05
231,-0.00024059670138789558
232,5.249243683340867e-05
233,-2.917307630089281e-05
234,3.2514650300734866e-05
235,-5.569833611032402e-05
236,5.492281316975856e-05
237,-2.6710203496678902e-05
238,6.769801960567661e-05
239,-5.763180030904848e-05
240,-0.00011190922123167204
241,5.553425867401563e-05
242,-0.00010752474723816686
243,4.199498911959992e-05
244,-8.28911305413536e-05
245,-0.00014799822258914364
246,-4.9066490797498347e-05
247,-5.04106996399862e-05
248,-5.400416513368813e-05
249,-7.0177139791549636e-06
250,3.266288407993846e-05
251,-5.220817586388172e-05
252,-5.0255393454858164e-05
253,-2.154740595512115e-05
254,3.9422778885881135e-05
255,2.0157495386352762e-05
256,-3.084878459789145e-05
257,-5.464437508022391e-05
258,-9.915668654945507e-05
259,4.129612314666784e-05
260,-8.680165571542997e-06
261,-3.7786151086472584e-05
262,-5.2541941219734575e-05
263,-6.463854634587912e-06
264,-2.9883726249285172e-05
265,-0.00010231236680549019
266,-6.721967390950006e-05
267,1.6716320339224853e-05
268,-0.00011318654092791002
269,-4.0928931853468004e-05
270,4.203196997928647e-05
271,6.696585388451212e-06
272,-3.373341270134051e-05
273,-4.5640507832850706e-06
274,1.1974504225488347e-05
275,-0.00010316985301999045
276,-5.8238934828622377e-05
277,-7.269482991603537e-05
278,-0.00011515290210062965
279,7.735313417990189e-05
280,-5.485282891838085e-05
281,4.541515410108415e-05
282,-0.00033536027831203226
283,0.00012113513610153684
284,-4.1146265154110435e-05
285,-0.0001258430422481536
286,-4.576756499587096e-05
287,-0.00010370550233810548
288,-6.540452507041014e-05
289,0.00010506968789741768
290,-2.8092194565640798e-05
291,8.998294596964392e-05
292,7.78376133715697e-06
293,8.666135954344253e-05
294,-4.601053293580384e-06
295,0.00011657024820993625
296,2.5691350083295752e-05
297,-5.582422364382069e-05
298,-3.2302559889632354e-05
299,-2.2327878824699138e-05
300,7.467035105723892e-05
301,3.508811527529771e-05
302,-6.785117736249697e-06
303,-4.9073708413253815e-05
304,-8.859623441454156e-05
305,-7.243556487765655e-05
306,2.657412056111202e-05
307,-6.765430360411215e-06
308,-3.999510073706946e-05
309,6.089432632785691e-05
310,-7.339676840443458e-05
311,8.305191565873272e-05
312,8.801736643032972e-05
313,6.379835267751695e-05
314,4.487074411472802e-05
315,-3.342578548214788e-05
316,3.528385793012663e-05
317,-4.644833206423211e-05
318,-5.047881805968097e-05
319,-0.00010820395160075053
320,8.144476502140068e-05
321,-0.00012052565679484535
322,-0.00017225442664109652
323,-0.00021104599760565613
324,-0.0001666289963659177
325,3.726181338793929e-05
326,4.70309034773149e-05
327,9.934754984414825e-05
328,4.681398823762209e-05
329,0.00011564023185038919
330,4.458603100437844e-05
331,-6.380633128094894e-05
332,-4.931872910090019e-05
333,-9.19764072190463e-05
334,-1.9073315832135044e-05
335,3.840117062330248e-05
336,-0.00011463062097976212
337,3.3073769726160516e-05
338,-7.340695778609235e-05
339,4.736016491220179e-05
340,3.1449306814903226e-05
341,-8.806084037854367e-05
342,-4.5037770631553257e-05
343,-4.7720623248298975e-05
344,4.5511760133719815e-05
345,-7.682965083720575e-05
346,5.326920779144279e-05
347,5.3452072586616536e-05
348,8.408806013361387e-05
349,3.8688566241919225e-05
350,-2.03818441920734e-05
351,0.00011547720903268693
352,-2.8023610912030693e-05
353,-2.188110155067086e-05
354,6.752237388806663e-07
355,0.0001063644452176219
356,-1.0633908840288834e-05
357,3.823847490044063e-05
358,-2.219535601932622e-05
359,-2.184539635128391e-05
360,-5.7092017723249715e-05
361,0.00016459529049685302
362,0.00014808776998719616
363,3.715824872236824e-07
364,2.9735616191829494e-05
365,-2.4086133914840493e-05
366,6.23184174262992e-05
367,-2.1745120373327306e-05
368,4.9052373578109064e-05
369,-2.2442952530988885e-05
370,2.662062362976782e-05
371,-0.00021028169963772437
372,-0.00010412824396674603
373,-6.919375852546884e-05
374,-0.0003952661993723997
375,-0.0003873160292912331
376,-0.00014728344454413217
377,-6.445487044789832e-05
378,0.00011624268587559028
379,-1.8688732536675495e-05
380,-5.13856660344172e-05
381,-0.0001673264481727968
382,3.324654344806704e-05
383,0.00010693094123721056
384,-1.9683763149086074e-05
385,-2.3723101022595345e-05
386,0.00010450329170584568
387,-6.449281286723593e-05
388,7.229195217767566e-05
389,0.00010104062387672687
390,-4.50669591391807e-05
391,-6.843981075921193e-07
392,3.2709209731012656e-05
393,-1.1549857886224416e-05
394,-4.621753374920376e-05
395,7.278506595691036e-05
396,-5.757770476133551e-05
397,7.255412836183239e-05
398,-7.012656946288055e-05
399,-4.329142947549771e-05
400,5.930649563335861e-05
401,2.3676690493206507e-06
402,0.0001152225545279123
403,1.1765096648194722e-05
404,-1.677874975240946e-05
405,-6.755491185802944e-05
406,-2.1369147954075364e-05
407,-2.018846084456603e-05
408,-9.566258724147355e-05
409,6.202537567007437e-06
410,-6.179377773400018e-05
411,6.717491750470558e-05
412,4.134214181754957e-05
413,-3.924811821254322e-05
414,-4.913384453611295e-05
415,-2.5156069768308865e-05
416,0.0001154168831130983
417,-7.169125948061789e-05
418,-0.0001047051565847674
419,-6.80959375504522e-05
420,-1.8731234359671383e-07
421,4.622972041942611e-05
422,-2.4312801146293288e-05
423,-5.932749783014739e-05
424,-7.00222615699413e-05
425,4.9114167075072206e-05
426,0.00010384791709329071
427,4.921097110604632e-05
428,0.00010224000054438367
429,7.122889506491592e-05
430,8.586244977936482e-05
431,-7.503543664836322e-05
432,-3.337735702910277e-05
433,-6.134976745540531e-06
434,-8.133123112806972e-06
435,4.261638454234206e-06
436,-3.4665630808194946e-05
437,-4.557333799234704e-05
438,-5.7947576550790074e-05
439,-6.0766189419290976e-05
440,8.086190303546564e-05
441,-5.163699381649977e-05
442,3.085845940753615e-05
443,-0.00010157500753729405
444,0.0002317912950051987
445,-2.8141905382785345e-05
446,-1.4897744546699096e-05
447,-9.109512895688589e-06
448,-6.709773347166695e-05
449,-0.0001259973927624036
450,6.373254109317049e-05
451,0.00011239283473378564
452,-2.0177935405974893e-06
453,-9.897332917790758e-05
454,2.4862349504835074e-05
455,3.819581019313906e-05
456,0.00012360683957468555
457,-2.5905461326332448e-05
458,4.9344822993696766e-05
459,-4.9197959550138365e-05
460,-6.252773058686665e-05
461,1.5646243275959225e-06
462,-1.505294171822529e-05
463,-0.00014577321154860803
464,-0.00010737232705265705
465,3.95317861014074e-05
466,-0.00020689777514200345
467,-0.00046386081246661717
468,4.911316251660403e-06
469,0.0002823950188889876
470,0.00027246048998455047
471,0.000212362588443709
472,8.804085388768315e-05
473,3.4605921773450346e-05
474,-6.113560692812691e-05
475,2.657529544746446e-05
476,0.00011875593357686676
477,0.000141216380110064
478,6.16724978119421e-05
479,5.7547763316816354e-05
480,-6.020226956394004e-05
481,-4.001053288667602e-05
482,-7.99145023080184e-05
483,-6.584200719149359e-05
484,-0.00018842143990147202
485,-0.00020131068673074715
486,-0.00027545793549070785
487,3.967200289720701e-05
488,-0.00010788179450355062
489,0.00018300387050075391
490,4.0243662893384e-05
491,5.1247320306085596e-05
492,9.213991823884568e-05
493,-8.404104017782468e-05
494,0.00013949757691427483
495,4.156567886755537e-06
496,-6.884424065549417e-05
497,-1.4786845285060636e-06
498,-1.1291076886065239e-05
499,-5.290459438510585e-05
500,-5.4705605432542904e-05
501,-6.547250895848313e-05
502,-6.647406461784504e-05
503,-7.823104143513296e-05
504,-5.317963551435944e-05
505,4.845907069870016e-05
506,-7.766096561871107e-05
507,6.467764571648761e-05
508,5.958911449686629e-06
509,-5.592642357100114e-05
510,-4.516340607272943e-06
511,1.4355767135169491e-05
512,5.0588361544377394e-05
513,1.733416795294554e-06
514,-4.403173469640356e-05
515,-7.526991623751915e-05
516,5.74973589729735e-05
517,2.9847356616544194e-05
518,-0.00014644174780356135
519,-0.00015104551397034584
520,9.808590113197651e-05
521,-2.0065912900388664e-05
522,-7.265971017968993e-05
523,-4.578695004389305e-05
524,-1.248054401843168e-05
525,7.793430775844795e-05
526,3.2195055328085266e-05
527,3.1211127156859515e-05
528,-6.621355710550128e-05
529,-0.00011244444602576673
530,-4.9761035385931375e-05
531,-3.3592862755378654e-05
532,-2.5015874781840986e-05
533,-1.2833075433552707e-05
534,5.471515111517932e-05
535,-5.09679842951923e-05
536,1.540894610249448e-05
537,6.4375894490111e-05
538,9.227882547878704e-05
539,-6.631917278051453e-05
540,-7.041540125836785e-05
541,6.106599563512449e-05
542,-0.00011947442388986352
543,-0.0005435863575243112
544,-0.000292106512914531
545,-0.00018290739623785516
546,-0.0002403454772834508
547,-0.00011432916484718379
548,0.00014750986328282317
549,4.103898710538868e-05
550,-0.0001150858885214037
551,0.0001442686544952014
552,6.51879260809985e-05
553,0.00011084171401235111
554,4.162030887404023e-05
555,-7.781216596366515e-05
556,0.0008046798356939449
557,-0.0006054468980645567
558,8.870065677287994e-05
559,8.619767472424245e-05
560,-3.60175281206136e-05
561,-0.00010716394967715723
562,9.046606659289003e-05
563,-6.342100084110579e-05
564,0.0002129545043261069
565,-5.5980343330299055e-05
566,-6.0979667491331935e-05
567,1.684344474007972e-05
568,-7.200441610826813e-05
569,5.345981275480145e-05
570,6.685703444244316e-05
571,-6.652208696882751e-05
572,-0.00014163547047739186
573,-9.275214281353344e-05
574,-0.0002402760299846328
575,-0.0002670908393013446
576,9.12782717793399e-05
577,1.419440676569296e-05
578,0.00021279130748692743
579,8.714939717244213e-05
580,0.00015291781588463896
581,8.041313488337227e-05
582,0.0001728446004014958
583,1.1222534539233063e-05
584,3.176050365597482e-05
585,-3.2236228414098746e-05
586,5.409690830274717e-05
587,-2.7304126570245287e-05
588,1.9127431242038696e-05
589,0.00014693843256653987
590,6.960128990741767e-05
591,-2.568797666151688e-05
592,-5.4532600600526736e-05
593,5.5976750836883784e-05
594,6.21130430204175e-05
595,0.0006034080776817406
596,-0.00010081145561538588
597,-0.0001119643887272276
598,0.0001934841301649251
599,0.00040979694852237607
600,5.921939547159541e-05
601,9.401009328930471e-05
602,0.00015296219852903339
603,3.13890198049383e-05
604,0.00013312309969918868
605,5.173727613077219e-05
606,6.042122385200578e-05
607,-1.3804324028834174e-05
608,8.148294025460993e-05
609,6.658162505823681e-05
610,-3.297960687535459e-05
611,-8.290834701821627e-05
612,-6.0500074784295754e-05
613,-5.4232928597702806e-05
614,-0.00013959768687840947
615,4.536835872799841e-05
616,-1.4272516517395278e-05
617,-0.00017802929299062074
618,-0.00019295619482779223
619,-0.0001161156298321196
620,-8.144749554275564e-05
621,-9.406907675513477e-05
622,7.795366826406127e-05
623,1.9114792009548816e-05
624,-3.305601598971786e-05
625,-0.00010978149996248824
626,-7.824185531453942e-05
627,-7.775650115002962e-05
628,-0.00034994562479018064
629,-0.00011933119802099232
630,3.3852341825119365e-05
631,0.0002547749985655236
632,-0.0007559847233197954
633,-0.0004849631973351202
634,9.313227094002198e-05
635,0.00021016083882853057
636,2.4706159767605572e-05
637,0.00025101703751792434
638,2.423018077848112e-05
639,0.00012688806190693788
640,0.0001466245407850119
641,0.00011531724440775823
642,8.54647538155098e-05
643,0.00019814968063852073
644,6.211175561866813e-05
645,7.288879843261822e-05
646,-2.0088291421400972e-05
647,5.180028791927309e-05
648,0.0002154585722497375
649,-3.7874109483224546e-05
650,0.00011647761159421248
651,9.060198765884377e-05
652,9.389759951292912e-06
653,-0.00014670862942893316
654,-3.335633393886961e-05
655,0.00017376361171088554
656,0.00019485905799709736
657,-6.11733688845736e-05
658,-1.7083266547630012e-05
659,9.008761964858373e-05
660,0.00019072338347233931
661,4.0680764439914544e-05
662,0.00010802102842359902
663,7.267128808236517e-05
664,6.378244436122678e-05
665,0.00012902755040398913
666,9.81993506371877e-06
667,-0.00012171833965981117
668,5.426474180443526e-05
669,5.2471174305270094e-05
670,5.4098424276954054e-05
671,2.676594938498117e-05
672,-7.237497336211173e-05
673,6.890326033870546e-05
674,8.453275029469693e-05
675,0.00011614227770453978
676,6.54433098980922e-05
677,-0.00016597689114892987
678,-3.145293679642512e-05
679,-0.00011669482133297519
680,5.567895137753095e-05
681,-4.789977882589504e-05
682,-2.2740123669625233e-05
683,-6.644920165581694e-05
684,-0.00010925680510204143
685,6.445523185733747e-05
686,9.442295460973002e-05
687,-1.0394363532803094e-05
688,-4.956049649537281e-05
689,-7.714344608766647e-05
690,5.860336658750979e-05
691,8.111445157646547e-05
692,2.2967725470665572e-05
693,0.00011166048833525972
694,1.3082800155294562e-06
695,5.252416087601192e-05
696,2.254595070020977e-06
697,-5.536381868145221e-06
698,1.7857392977998736e-05
699,6.440854421522406e-05
700,-0.0001121048923319888
701,-4.1166360933754454e-05
702,0.00012244639342450566
703,4.1918598218978444e-05
704,-2.461776287817607e-05
705,4.124468959410525e-05
706,-0.00023727267505283355
707,-0.00010112724038171629
708,0.000113674458400244
709,4.406793240412876e-05
710,-1.3250050539696258e-05
711,-5.3658528233853116e-05
712,-7.671170192424656e-05
713,-7.112118999162035e-05
714,-9.63968325161154e-05
715,-0.00011026998890230738
716,7.803697264131459e-05
717,3.6199440692470197e-06
718,-0.00015129443425690114
719,-0.00012234392033098622
720,-7.790580594622405e-05
721,-0.00014503886491676443
722,-2.4928082178251318e-05
723,-0.00011550062075276748
724,-2.325441485434222e-05
725,-8.977066205803103e-05
726,-6.057672344716824e-05
727,-5.430475965491819e-05
728,4.0321411552574296e-05
729,-8.554388800371395e-05
730,-5.651706087490137e-05
731,-4.3653024605302933e-05
732,2.9523930250121737e-05
733,-0.00010530414856765202
734,2.933417483732839e-05
735,1.4819618230110243e-05
736,-5.317178875438147e-06
737,-2.4784445414922483e-05
738,-7.731315865467915e-05
739,5.0098400216913043e-05
740,-3.209606653438609e-05
741,-0.000274542243671371
742,-0.0001133047772162371
743,0.00019220526967988753
744,6.098847424965001e-05
745,-7.657617942948525e-06
746,-7.479893772435789e-05
747,1.8842030423190067e-06
748,-5.91377000098072e-06
749,6.461251002318253e-05
750,6.747019168453351e-05
751,-9.053311079895009e-05
752,-5.365368959608624e-05
753,-4.693877591455621e-05
754,5.416883113032734e-05
755,3.073090706801478e-06
756,-3.644012027008184e-05
757,-8.682507843012705e-05
758,-0.00014033792748423463
759,-0.00011456010606001879
760,3.483845862147409e-05
761,-5.8916954886451305e-05
762,5.4886321430697105e-05
763,3.840201944940993e-05
764,-8.822686305354206e-05
765,1.2636045325302064e-05
766,-9.330082158792616e-05
767,-8.23147790291154e-05
768,0.00010688703891735638
769,-7.05616655653119e-05
770,-2.227692531811808e-05
771,-5.934163245011798e-06
772,0.00010264789700900427
773,-4.503206417704399e-05
774,-6.67701813306347e-05
775,8.858374233081875e-05
776,-2.0235673987583824e-05
777,-9.498012230474476e-05
778,4.567956807928652e-05
779,-0.00011173178991676358
780,9.256423483211475e-05
781,-8.399218001436505e-05
782,-4.6908309581648476e-05
783,-9.280636970544188e-05
784,-9.467864494138291e-05
785,-2.7613920846497292e-05
786,-9.59722620642009e-05
787,6.481844669669035e-05
788,1.1255135929796507e-05
789,1.5902459180012384e-05
790,-4.2613879891790905e-05
791,1.7741852544890148e-05
792,-2.3906223845734518e-05
793,4.096161678376033e-05
794,-4.417549193526453e-05
795,-5.620015837293427e-05
796,-0.00015729229420004132
797,-3.2368349759194256e-05
798,-5.424908514061142e-05
799,-3.824936305200889e-05
800,-1.6208461846684213e-05
801,5.219327761666387e-05
802,-4.707156991929948e-05
803,-5.010902555781918e-05
804,-6.15270199715557e-05
805,-6.085346209062496e-05
806,0.00010610533353913862
807,4.0350962070664025e-05
808,-2.4657429067177558e-05
809,-0.00012434725088382174
810,-8.960920323367787e-05
811,-5.172262072927696e-05
812,9.427053936815636e-05
813,-1.4734710566233494e-05
814,-6.80190574036959e-05
815,-2.672615835476055e-05
816,4.392277455502465e-05
817,-5.3687778331558556e-05
818,-1.761624813229201e-05
819,4.7646292807983674e-05
820,-3.693946638074975e-05
821,-5.8984729364828214e-05
822,-0.00017896290234522836
823,-6.267971102361457e-05
824,1.2888422932465e-05
825,-7.049269957508905e-05
826,-1.5024517937266327e-05
827,-6.321798346146133e-05
828,4.216056349241043e-05
829,0.00010391135563226034
830,-6.973939097987566e-05
831,2.460747795130717e-05
832,-7.993155931407989e-05
833,-4.509507379534082e-06
834,-6.831278290510891e-05
835,-9.669092121665978e-05
836,-2.0425868950012942e-05
837,-3.6173928341277705e-05
838,2.1315774644891085e-05
839,-3.216023487393314e-05
840,-0.00011015455415385113
841,-4.470470138586035e-05
842,-5.3842445612084433e-05
843,-3.0314714149039558e-05
844,1.4583630407375132e-05
845,-5.0078546249921575e-05
846,-3.1926916498770883e-06
847,-9.474667979410304e-05
848,9.802753065360477e-05
849,6.231454945271426e-06
850,-7.200229144945965e-05
851,-1.2943817584200912e-05
852,3.4626222683753744e-05
853,6.219015161836265e-05
854,-8.858154761190921e-05
855,-7.021379689980556e-05
856,4.233105433527199e-05
857,-0.00015733423041884941
858,-0.00011711280144805263
859,-4.023802764358364e-05
860,-2.8567120239342032e-05
861,0.00010128062841084623
862,9.821817521415468e-05
863,5.9016080681598994e-05
864,9.039672450164435e-05
865,-4.3207924067945774e-05
866,-2.7957672905027936e-05
867,2.978259047355457e-06
868,7.55244685052672e-06
869,-6.931621739927553e-05
870,-2.4199333118016715e-06
871,-2.5740264504120962e-05
872,4.677039131135237e-05
873,-8.241188690203827e-06
874,5.73504239928443e-05
875,0.0001025421662277293
876,-8.518189624353136e-05
877,5.844503869155836e-05
878,7.564047996037314e-05
879,2.4610097673272814e-05
880,-8.168779986765962e-05
881,0.00010083769565849143
882,-1.4107462963801964e-05
883,5.065012507536186e-05
884,-2.6802789108305868e-05
885,-7.405699665312884e-05
886,3.3110871368687586e-05
887,-2.312064174969712e-05
888,5.043120748028695e-05
889,6.85459585668674e-05
890,-5.2120105146453294e-05
891,3.40008430388957e-05
892,9.882781581566412e-05
893,-5.6571063337069765e-05
894,3.268676156984939e-05
895,5.52763869289458e-05
896,1.2454731464455257e-05
897,-3.09110263950542e-05
898,-5.62515351356805e-05
899,-1.0128368751813508e-05
900,5.667468353970963e-05
901,9.329806444971309e-05
902,-6.750685155053109e-05
903,4.2972493030276715e-05
904,-1.4483178375559498e-05
905,4.7047325682120546e-05
906,9.389056703421133e-05
907,-2.4029394393765513e-05
908,-7.598016454408818e-05
909,-1.313639515870842e-05
910,-2.177654581929821e-05
911,-2.1037108273211176e-05
912,0.00011244891182094552
913,-3.6860595046872496e-05
914,8.042159865376435e-05
915,-5.158976248865383e-05
916,-0.00010021215098598539
917,-1.4416075374480697e-05
918,-8.768100475280164e-05
919,4.487975756893718e-05
920,-1.4745104979547808e-05
921,4.342970993920686e-05
922,-1.0077619577951065e-06
923,-4.146683093671809e-05
924,-0.00012130886353210595
925,6.496295045105471e-05
926,9.664000351829248e-05
927,-3.037883782213003e-05
928,-6.167773901847811e-06
929,-0.00018782231565483217
930,-0.00011862156531946428
931,-2.8280913460832907e-06
932,0.00013629338390622864
933,8.212700266162601e-05
934,2.148290302664404e-05
935,2.7803867968800123e-05
936,-3.4639696240206044e-05
937,-3.4991398931415386e-05
938,-4.1715300814871496e-05
939,1.8176285115671774e-05
940,0.0001485404655656729
941,4.10328242122098e-05
942,-3.854351688157729e-06
943,-0.00014048802735284146
944,-0.00011853218087479065
945,2.5406812519941273e-05
946,-9.796886750459634e-05
947,-0.00011703093511906226
948,-7.857245410984152e-05
949,4.995131090525108e-05
950,1.7873696994846394e-05
951,-2.5922916085972932e-05
952,-1.61305461560524e-05
953,-5.1159008845904745e-05
954,6.999886078776717e-05
955,-6.008763200671976e-05
956,2.228581533640151e-05
957,-9.247817788148363e-06
958,-1.0955853389683318e-06
959,4.040281256328203e-05
960,-0.00010854904808585928
961,-3.666190650482604e-05
962,4.902536469269214e-06
963,-3.100824015068507e-05
964,-6.581809204484504e-05
965,-0.00017909359644019675
966,6.724673446805475e-05
967,2.6867195261344042e-05
968,6.56649478146911e-05
969,4.050266043179051e-06
970,5.860341428801373e-05
971,-0.000296666383086804
972,-0.00047251015211035387
973,5.744093186542014e-05
974,-0.0003557158846096881
975,-0.00019644679695868275
976,0.000129596534728464
977,-0.0003380023413183568
978,-0.00010161515198302337
979,0.00020528620076848704
980,3.3645150215050794e-05
981,-9.852845065225065e-05
982,0.00018446162945624095
983,0.00018997036694318796
984,-8.76444047970884e-06
985,9.319972098268603e-05
986,-0.000402518147988622
987,-0.00010278340446875734
988,-9.230777252896579e-05
989,0.0001254118527981499
990,0.00019570780915825978
991,-2.778816612484753e-05
992,2.244158310580523e-05
993,-6.373152257635951e-05
994,-2.544285609650565e-05
995,3.370210836036361e-05
996,5.229158897752285e-05
997,0.00013366770912970937
998,2.6725984916809933e-05
999,6.41070431486125e-05
1000,1.0824657593019319e-05
1001,0.0001031915130451191
1002,-3.0329669137815524e-05
1003,5.8980325843122816e-05
1004,4.614218165016472e-05
1005,5.526699705206651e-05
1006,-6.730990117543911e-05
1007,1.0532351281150674e-05
1008,0.00011542896530890495
1009,1.1765117963718643e-06
1010,1.2574429252685423e-05
1011,2.8013786096056854e-05
1012,-2.4717395159643452e-05
1013,-8.28012268386692e-05
1014,5.869149399484222e-05
1015,3.6629198233946806e-07
1016,-7.254205090678691e-05
1017,4.5180944239144005e-05
1018,-7.726151726884858e-05
1019,-0.00014755871870226786
1020,-1.55604798929673e-05
1021,5.605751163944011e-05
1022,5.301283091023865e-05
1023,0.0004865872638120769
1024,7.65049228377336e-05
1025,-6.230331270606147e-05
1026,0.0002299453222212353
1027,0.00047564662034480084
1028,0.00018362014628061672
1029,8.948460624181963e-05
1030,0.00016860606889006953
1031,-1.3537770877572504e-05
1032,-6.0632602084926756e-06
1033,8.872417417751632e-05
1034,-5.6558647668044754e-05
1035,-8.118566962500486e-05
1036,-4.021434974364239e-05
1037,-9.128169016304502e-05
1038,0.00010209998114492031
1039,-0.00010943320150002596
1040,-3.940047731411667e-05
1041,1.74487757594445e-05
1042,-8.078098045070861e-05
1043,3.133294469497234e-05
1044,-5.471695148615389e-05
1045,6.041773764454438e-05
1046,-6.898404223834512e-05
1047,4.9806191049326015e-05
1048,5.357584152894495e-05
1049,4.706530909193468e-05
1050,-1.011955894687474e-05
1051,-9.076051777046252e-05
1052,8.265001620128612e-05
1053,2.0416262085200633e-06
1054,0.00015725761376363126
1055,-8.804642708194533e-05
1056,-3.276650376423268e-05
1057,0.0001154910347997949
1058,-5.364776774680101e-05
1059,-0.00021660239941689472
1060,-0.00013460885913626529
1061,0.00016286665077999812
1062,1.9487415471312568e-05
1063,-5.083798184628655e-05
1064,-6.805348310188516e-05
1065,0.00012270599035635443
1066,6.451702940249675e-05
1067,-7.715220136407008e-05
1068,1.662549211954319e-05
1069,-5.8551473006629764e-05
1070,2.6573300382428384e-05
1071,0.00011170163642136237
1072,6.847338659813608e-05
1073,0.00010872778223517338
1074,-2.567251345509681e-05
1075,-4.310777481596678e-06
1076,-7.65250615878623e-05
1077,-3.391906971027338e-05
1078,4.1666218783836416e-05
1079,5.428132778245371e-05
1080,-0.0004706484353399131
1081,-0.0011208014863962649
1082,-6.725092536061335e-05
1083,0.0003708320384903046
1084,8.954622397517577e-05
1085,1.2243159297373447e-05
1086,0.0001276858317983717
1087,-0.00019219093957650692
1088,-0.0001404788951167683
1089,-1.669836825174363e-05
1090,-0.00048716005171417124
1091,-0.00018662115138323664
1092,4.1501708396502714e-05
1093,7.93203033038262e-05
1094,5.8092709830252254e-05
1095,4.618746124437522e-05
1096,1.2393358172747158e-05
1097,0.00015147731899160387
1098,-0.00030923568459431325
1099,-0.00010594510163993002
1100,2.959972158796444e-05
1101,0.00018884924359669243
1102,1.730419924500206e-05
1103,5.434898359137813e-05
1104,1.9677642680743613e-05
1105,0.00017516019591535333
1106,8.664044776010885e-06
1107,0.00011131467476746552
1108,0.00011533348426097548
1109,4.5984636828031544e-05
1110,-2.7377809610792675e-05
1111,-3.6823455688366445e-06
1112,-5.2873447896554765e-05
1113,2.257994616052654e-05
1114,2.296528311848534e-05
1115,-6.657007856761833e-06
1116,9.176993004236334e-05
1117,-4.2866177291214423e-05
1118,-3.6822788974751716e-05
1119,-0.0001339339784853438
1120,5.853515763225866e-05
1121,-1.7814185577221168e-05
1122,-0.00013488026441610054
1123,2.4309425396983888e-05
1124,-0.00013473730903880765
1125,-5.519429996774539e-05
1126,-0.0005799771758245813
1127,-5.513161227959464e-05
1128,-0.00015147701257449726
1129,-0.0002546920878548165
1130,-0.00021354036444744522
1131,0.0001420196733450069
1132,0.000411798414946925
1133,0.0004692636399086352
1134,0.00032678317635862674
1135,8.051887966513004e-05
1136,1.7235081938383518e-05
1137,-6.634904234768974e-05
1138,0.00015370457454924794
1139,0.00027776029101487853
1140,0.0003081929763917894
1141,0.0002524924607351244
1142,-8.156930638726941e-05
1143,-6.265424441035633e-05
1144,4.2187868519848245e-05
1145,-5.185799543013485e-05
1146,0.0001972052665884428
1147,0.00011510960068758976
1148,1.560675797176964e-05
1149,0.00010575594273128059
1150,5.750545555108387e-05
1151,8.947726542973518e-05
1152,4.768636810069414e-05
1153,2.112622638154625e-05
1154,-5.158366017417567e-05
1155,-0.00015077148084129276
1156,-0.000294268661693987
1157,-0.0001383831148614759
1158,0.00014351576132228555
1159,-0.00018688387209764092
1160,-9.801581661677938e-05
1161,-7.1668076740704226e-06
1162,-7.398959299966474e-05
1163,9.741459745962462e-05
1164,0.0002258771462249955
1165,0.0001185575753737613
1166,-8.282066441175325e-05
1167,0.00022290954098972806
1168,0.0002041524064535658
1169,0.0001031513073505494
1170,-9.293505073342868e-05
1171,-6.957114578825567e-05
1172,-2.307283079994709e-05
1173,0.00010448341537539087
1174,-6.967988355361263e-06
1175,0.00011795627072917166
1176,-8.774241870399285e-05
1177,7.02847791647364e-05
1178,9.801989127328099e-05
1179,2.5431887138613636e-05
1180,6.84253021025727e-05
1181,-1.8562735336628393e-05
1182,0.00012177019024300434
1183,5.8600703095189906e-05
1184,-3.579623742689348e-05
1185,-5.684059527526431e-06
1186,3.7969912686935217e-06
1187,5.4504555035190346e-05
1188,-8.10955417488901e-05
1189,0.00010952834106421363
1190,-2.1066864011759522e-05
1191,6.036404083350158e-05
1192,6.712729740817562e-05
1193,9.279245818824825e-05
1194,3.661007915378957e-05
1195,3.1063186762151456e-05
1196,7.041911351188445e-05
1197,-6.60319471339173e-05
1198,-8.213538076807556e-05
1199,5.0114534653411396e-05
1200,-5.9375337904802175e-05
1201,1.9653183162248856e-05
1202,0.0001230655105672445
1203,-0.00018420318275832627
1204,0.00018254654058933643
1205,0.00013102283580300055
1206,-8.005402221733443e-05
1207,3.7480163455447996e-05
1208,6.5174969524021024e-06
1209,-7.127258830693808e-05
1210,-2.3383502678932536e-05
1211,-2.3715488116144044e-05
1212,6.169748543900382e-05
1213,1.5616411204323417e-05
1214,2.0363128025884878e-05
1215,-1.2100237944221099e-05
1216,1.1297204800386508e-05
1217,4.877648128661212e-05
1218,-3.093359613418412e-05
1219,5.628453415700672e-05
1220,-3.8505930192778575e-05
1221,-7.310709244888485e-05
1222,4.2255034651435036e-05
1223,-4.2767846131503166e-05
1224,0.00011489692953108362
1225,8.422023047745514e-05
1226,7.607879846854624e-05
1227,4.668333625764726e-05
1228,2.1915776327504553e-05
1229,5.306973980380691e-06
1230,2.9768879652764902e-05
1231,-0.0001340529628109063
1232,-0.00010013936341635133
1233,3.201139857898041e-05
1234,-7.139798067458293e-05
1235,-9.504986276297986e-06
1236,5.88603962750777e-05
1237,5.0717928127953645e-05
1238,-0.00012922404835100345
1239,-0.0001566907321656755
1240,-0.00010319467266905048
1241,-1.2614424888666763e-05
1242,-8.967897588745563e-05
1243,-0.0001759887272929811
1244,-9.757488390588052e-06
1245,0.00010036665617667248
1246,6.98059888626905e-05
1247,2.8872210523337807e-05
1248,0.00017299291857738575
1249,-1.5870561811348212e-06
1250,5.762726835538844e-05
1251,-1.9687113490102884e-05
1252,-4.670229025423527e-05
1253,-3.383806664409134e-05
1254,5.130815089484837e-05
1255,-0.00010256064615528006
1256,-7.882363702813627e-05
1257,-2.311254415906592e-05
1258,-1.612923854444904e-05
1259,-8.865739580088878e-05
1260,-4.5056363655810194e-05
1261,-4.1784052661862906e-05
1262,1.9624619979039627e-05
1263,-5.786818046340817e-05
1264,-5.438981481734755e-05
1265,-1.8339868581553177e-05
1266,-1.4757771268828802e-06
1267,9.084135820119114e-05
1268,-7.432658289880295e-06
1269,-7.391591304271659e-05
1270,3.084725898147786e-05
1271,-4.77021239733268e-05
1272,7.436267785094797e-05
1273,-8.879135112522109e-05
1274,4.664925422370307e-05
1275,-1.9773841883368424e-05
1276,3.620841328123425e-05
1277,-0.00010860210515999516
1278,-4.863469468290786e-05
1279,6.378797666012321e-05
1280,9.380502455405299e-05
1281,4.125988657025464e-05
1282,9.381919626068304e-05
1283,-1.8586534253860733e-05
1284,-4.119587841719908e-05
1285,-9.628025056984614e-06
1286,8.45784048497212e-05
1287,-7.575322966913514e-05
1288,-8.209636538604184e-05
1289,-0.00017249648699397085
1290,2.1313725463731478e-05
1291,-3.468362718699044e-05
1292,-6.625884694590096e-05
1293,4.710927931550587e-05
1294,6.952947978952131e-05
1295,-2.2256123146278942e-05
1296,2.4745305784336082e-05
1297,-1.1494161368859624e-05
1298,-3.2537537212367714e-05
1299,-5.758032218768972e-05
1300,-0.0005272727506206951
1301,-8.591190474651428e-05
1302,-1.7656446055386615e-05
1303,-7.330724610761586e-06
1304,4.133684698127076e-05
1305,-0.00012046645003713638
1306,4.5854317706493714e-05
1307,2.2153639497898065e-07
1308,4.3203666308985776e-05
1309,-0.0002479407404255343
1310,-2.9863587279470658e-05
1311,5.121264965366836e-05
1312,-0.00030431436755216684
1313,-2.054664078956105e-05
1314,6.97780328577351e-07
1315,7.405963137075608e-05
1316,0.00027836509471871533
1317,-0.00033014434434345684
1318,0.00014897146187916818
1319,0.00019071342325748387
1320,0.00020067561517458799
1321,-8.293505652408213e-05
1322,0.00011346470458012868
1323,6.674853182934718e-05
1324,-1.6150680451594576e-06
1325,1.3457836396511881e-05
1326,0.00012036637300653609
1327,0.00013559380541764665
1328,4.243223033875729e-05
1329,1.089609992170379e-05
1330,-6.816409731666717e-05
1331,-0.00024016243109982463
1332,-0.00012594737973600667
1333,-6.014803710713346e-05
1334,-0.00010449255177184766
1335,2.9191772883388307e-05
1336,4.6343476840633175e-05
1337,0.00013986530493045074
1338,-2.3930071897953086e-05
1339,-8.080368290312475e-05
1340,7.362834259354826e-06
1341,4.0175045587292554e-05
1342,0.00012538889379385066
1343,2.6906861371337165e-05
1344,2.9775613807474688e-05
1345,-0.000108307713247114
1346,-9.773934666205842e-06
1347,1.4333394003198064e-05
1348,-3.3341682860672967e-05
1349,3.6582873288477105e-06
1350,0.00011009882592418906
1351,-8.57600666871058e-05
1352,7.365112420404748e-05
1353,-3.6482817999092074e-05
1354,9.319216115679205e-05
1355,-4.647334637477639e-05
1356,-7.366624030901419e-05
1357,4.1889117668287174e-05
1358,9.642363348821756e-06
1359,0.0001602312831700712
1360,9.545341476660251e-06
1361,-4.1373516350608496e-05
1362,-8.347012133521692e-05
1363,-7.130704375489646e-05
1364,0.00011524039633621125
1365,-2.984131103573137e-05
1366,-3.308529857785976e-05
1367,0.00010038577484842211
1368,1.4795998511924265e-05
1369,-5.900808600476102e-05
1370,1.2472473467323304e-05
1371,-0.00011552051969881002
1372,-3.9793257404547706e-05
1373,-0.00014643248044752624
1374,-0.00013923026094282112
1375,3.321483240057058e-05
1376,6.573741031612935e-05
1377,-1.385991506523955e-05
1378,8.859471216822658e-05
1379,3.236280619956196e-05
1380,1.840287151392055e-05
1381,-9.33080329832006e-05
1382,4.053197938976681e-05
1383,-0.0001699437050087415
1384,-0.00014844217585972718
1385,5.156059022074159e-05
1386,-5.540674934334584e-05
1387,-0.00021308037217052228
1388,-2.7036609768322735e-05
1389,0.00018709161624702578
1390,-0.0005952785977590613
1391,-0.00024311490345961195
1392,1.589256083302006e-05
1393,4.655286255888741e-05
1394,-3.38749461494179e-05
1395,-6.0304355552340266e-05
1396,5.055883341260791e-05
1397,0.00010708513933814024
1398,-9.053400737108503e-06
1399,8.03957731370853e-05
1400,3.036390860222248e-05
1401,-4.420353664629916e-05
1402,0.00012255560580000447
1403,0.0001322734979721005
1404,0.00015190484324804215
1405,0.00014221351305773123
1406,0.00023410613185907147
1407,0.00012304105420712742
1408,3.411550632688045e-05
1409,-9.343074236884177e-05
1410,-4.749483761815524e-05
1411,-0.00010518941197543208
1412,0.0001550696783158262
1413,4.371915359949762e-05
1414,7.888495984519756e-05
1415,-0.0001210542323073508
1416,-4.033345018819521e-05
1417,5.596255513582851e-05
1418,-1.463668267972788e-05
1419,7.901018802949923e-05
1420,8.478183869846418e-05
1421,4.8836888857208185e-05
1422,9.707914977834036e-05
1423,-2.0222842877161005e-05
1424,-2.4967528992417385e-05
1425,0.0001333698902988076
1426,0.00011971862228975213
1427,2.86344969860493e-05
1428,-5.939058840851892e-05
1429,6.321991637373208e-05
1430,-5.89947002338658e-06
1431,-7.028270915133997e-05
1432,-5.2634559474381046e-05
1433,9.494023117445411e-05
1434,-4.3801861398791384e-05
1435,-0.00010633162268039903
1436,-4.064497772926121e-05
1437,-9.748349587158853e-05
1438,-6.216180104529076e-05
1439,-0.00018585579243995365
1440,-0.00018502030838130488
1441,-0.00015093647536652743
1442,8.813519791989805e-06
1443,-0.00013476039363211008
1444,4.5215156807751144e-05
1445,-0.0001941791797024707
1446,-0.00010198522319601766
1447,-5.6966226826394544e-05
1448,-1.4527025283396823e-05
1449,-4.1740409830490274e-05
1450,1.7309707485643068e-05
1451,2.5425826437985573e-05
1452,-1.169785615654046e-05
1453,-2.5664859717622444e-05
1454,-0.00010184005480272573
1455,-6.248235321920478e-05
1456,-2.998910490943982e-05
1457,-0.00014474071836202666
1458,-0.00012019969761676318
1459,-0.00010470769291981246
1460,-1.6916781789363033e-05
1461,4.3133324258050005e-05
1462,-8.986401410389247e-05
1463,-5.026715707575235e-05
1464,-0.00010793454600269133
1465,-0.00020409140557648252
1466,-0.00019804641941533166
1467,-8.15768551919478e-05
1468,-3.226155129559739e-05
1469,-5.506593483430337e-05
1470,2.6505572380494365e-05
1471,3.246439466440554e-05
1472,-9.619367065201047e-06
1473,-1.3010397378354012e-05
1474,-1.4357667032041848e-05
1475,7.34193549402799e-05
1476,6.459317777114347e-06
1477,-2.0823863990278448e-05
1478,-3.95119054307891e-05
1479,-4.790559496849593e-05
1480,4.148877657623632e-05
1481,0.00010052335149990632
1482,6.252115445827739e-05
1483,-1.3601485160617842e-05
1484,4.383261587758482e-05
1485,-7.863179307145505e-05
1486,1.5403849161140456e-05
1487,3.6646450398376074e-05
1488,-2.702094778381884e-05
1489,-5.184955314969398e-06
1490,-0.00037082256721795575
1491,-8.515877632280559e-05
1492,-5.4015047728984695e-05
1493,-9.365429340915702e-05
1494,0.00011140889652646159
1495,3.65421608819603e-05
1496,-8.47630359615608e-06
1497,-5.686972769373868e-05
1498,-0.0003776534018368756
1499,4.923299833642774e-05
1500,-6.489210946387931e-05
1501,-4.126489867412895e-05
1502,-1.4412456904876906e-05
1503,2.0520610727168474e-06
1504,-1.7876565906782175e-05
1505,-1.726523867656789e-05
1506,0.00011610540425186783
1507,0.00011652543808113003
1508,-0.00011383612114181014
1509,-9.038533531925085e-06
1510,4.999296092948636e-05
1511,-0.00010947230936014248
1512,-4.0992012075145134e-05
1513,0.00015728971880404037
1514,0.00016194163945840184
1515,0.00010686259199306128
1516,4.189881861428979e-05
1517,-7.528796519376244e-06
1518,-6.022008798352337e-06
1519,7.053000737137812e-05
1520,-9.712005635158958e-05
1521,0.00012143644540750726
1522,-5.426383465422229e-05
1523,-3.5074528612114635e-05
1524,0.00012419896371181064
1525,4.487818092076e-05
1526,-8.151995694428407e-05
1527,-1.0936558053380683e-06
1528,-8.094668015101792e-06
1529,5.184252613886726e-05
1530,8.814634913916878e-05
1531,0.00012230174490979076
1532,5.951850010707117e-05
1533,-6.412221764881989e-05
1534,9.905228582004877e-05
1535,6.431092301611612e-05
1536,5.037283396139376e-05
1537,2.9586465441696145e-05
1538,-0.00010204511394224044
1539,-1.5145204526583623e-05
1540,-6.899718222529569e-05
1541,6.475976862889649e-05
1542,-6.312444125583829e-05
1543,9.72428594736536e-05
1544,5.812902437198436e-05
1545,-3.512960878843721e-05
1546,4.4731566651183884e-05
1547,-7.369356591062263e-05
1548,4.9247766462919864e-05
1549,-9.168988115900032e-05
1550,-6.622019736896621e-05
1551,1.9087812603103447e-05
1552,-8.407663648900552e-05
1553,9.906490996084279e-05
1554,-1.6492687324853456e-05
1555,2.3646198288326717e-05
1556,3.266787324923202e-06
1557,-7.487520057188579e-05
1558,2.4773414846564488e-05
1559,2.8363988019231706e-05
1560,4.767489086604632e-05
1561,-6.732948697818109e-05
1562,0.00010486028747536894
1563,-5.732849834718442e-05
1564,9.664783552697158e-06
1565,2.719925475010123e-06
1566,-7.995650099311186e-05
1567,5.345197702861362e-05
1568,-4.713183926264416e-05
1569,-4.0758150790357636e-05
1570,0.00015191053653925533
1571,6.346394661946952e-05
1572,-3.1096006807569626e-05
1573,7.793509197802248e-05
1574,-2.0441581084705974e-05
1575,7.181173566620816e-05
1576,-0.00011400756493157771
1577,-8.230720193338509e-05
1578,3.68100207561513e-05
1579,3.473521886672546e-05
1580,0.00013304745286676065
1581,-8.023133269358707e-05
1582,-4.838503906239282e-07
1583,-4.525574028608429e-05
1584,-1.9861656643125438e-05
1585,-6.575081805966054e-05
1586,8.411666127440076e-05
1587,-8.860212476294961e-05
1588,-7.59493420927295e-05
1589,-1.5091458996175618e-05
1590,-7.515816404679988e-05
1591,6.969847422354827e-05
1592,-3.122106752734494e-05
1593,1.392326287943602e-05
1594,-7.455257558723394e-05
1595,-0.00020392771698233558
1596,1.8679167944056376e-05
1597,5.663547937433603e-06
1598,-1.0090652238222906e-05
1599,-3.6363896464319645e-05
1600,1.9854152107388405e-05
1601,-1.583149680912788e-05
1602,-6.408320923348705e-05
1603,-5.740510498573045e-05
1604,0.0001313161807193247
1605,1.934659417815386e-05
1606,3.052217261547532e-05
1607,7.461529267057056e-05
1608,-5.381742240078527e-05
1609,-7.06937123082635e-05
1610,-2.8429319315898387e-05
1611,4.458089972934331e-05
1612,-4.898974579438167e-05
1613,-0.00014093287689252756
1614,-1.751151355409225e-05
1615,-2.8148667299006896e-05
1616,3.240563852953895e-05
1617,1.1206965849000219e-05
1618,-3.9725726590625964e-07
1619,8.02273401537585e-07
1620,-2.8535370673250378e-05
1621,3.658692298005403e-05
1622,-1.5010874695185633e-05
1623,-5.470517262192262e-05
1624,5.898887021250611e-05
1625,0.00013862970356315988
1626,6.6150064826343e-05
1627,-9.491246256834316e-05
1628,-2.2749360324811623e-05
1629,-8.332169558738618e-05
1630,-8.011007948441513e-06
1631,-6.714860907141083e-05
1632,-8.744173216289291e-05
1633,-2.6184013029078327e-05
1634,0.00011893571648464238
1635,-9.734888508123372e-06
1636,-7.059292732521638e-05
1637,-0.00017347962192062062
1638,-7.91648847548623e-05
1639,-0.00010725447460473149
1640,-6.209844637512447e-05
1641,-0.00010496013183037406
1642,7.444354245038453e-05
1643,-3.190434203027016e-05
1644,-0.00012401295140360052
1645,-4.145916255074894e-05
1646,-4.623496986871093e-06
1647,-4.0439688284828726e-05
1648,5.343156383244454e-05
1649,9.880213619488242e-05
1650,-8.582633507324361e-05
1651,5.298202066794195e-05
1652,9.326000228191013e-06
1653,-3.83196468255412e-05
1654,7.278884695680189e-05
1655,8.175285102602318e-05
1656,4.579361990213448e-05
1657,-3.367428957946738e-05
1658,4.455232523405861e-06
1659,8.49916832291532e-05
1660,-9.444341952210774e-05
1661,-1.8826038950877363e-05
1662,5.004257258760408e-05
1663,2.8484061623657952e-05
1664,-1.5667119570917188e-05
1665,-4.861994426402474e-05
1666,-5.3548593969108615e-05
1667,-2.2549159395454115e-05
1668,-6.664761645537703e-05
1669,-0.00012447976568361234
1670,-8.561277263534032e-05
1671,4.062584693698047e-06
1672,8.796661691583942e-05
1673,-2.731198420455695e-05
1674,-6.807667770614422e-05
1675,-0.00011730552421064911
1676,-1.9629101930697103e-05
1677,-8.083941767908829e-05
1678,-6.792716096785756e-05
1679,6.964096557485358e-06
1680,4.0868394591817414e-05
1681,1.951650981292807e-05
1682,-2.6088290505260555e-05
1683,-0.0001387873218016068
1684,-8.301578775297894e-05
1685,3.563545367020802e-05
1686,-7.259030822897757e-05
1687,0.0001143086639401865
1688,-7.760236226049556e-05
1689,-1.4311569772405063e-05
1690,4.2958043708080325e-05
1691,-0.00010442513271808686
1692,-0.00012400256322810213
1693,9.678611274760218e-05
1694,-8.362430343290047e-05
1695,9.059414020184423e-05
1696,9.3239998525141e-05
1697,2.886319895572273e-05
1698,4.139602891751393e-05
1699,0.00012311200969085677
1700,-6.348013134422064e-05
1701,6.354216176361067e-05
1702,-1.4211221316892767e-05
1703,-7.080329007057037e-05
1704,-2.6691440141228262e-05
1705,9.360384869321079e-05
1706,-4.5351317108320214e-05
1707,-0.00010792032301015096
1708,5.860254038283794e-05
1709,-5.572662740609664e-05
1710,-2.52894300167808e-05
1711,3.6354888602092615e-05
1712,8.538284032588734e-05
1713,-2.2760487472396883e-05
1714,-4.0499248827233984e-05
1715,3.864702962533547e-05
1716,6.055666517141643e-05
1717,0.00010487395278131355
1718,-2.9981725764481024e-05
1719,-8.833837953534969e-05
1720,-8.79107212609159e-05
1721,5.199685395846655e-05
1722,-1.025815497353581e-05
1723,-7.203495654285492e-05
1724,-4.134226088090511e-05
1725,-1.2323820312822825e-05
1726,6.108851357811342e-05
1727,-3.059932263300234e-05
1728,8.850503850248196e-05
1729,2.0123645434647606e-05
1730,-7.623517920951258e-05
1731,-2.381411056970183e-05
1732,-8.68603346056829e-05
1733,4.275586570067304e-06
1734,0.00016273254273203633
1735,-0.00019782160028832959
1736,5.3089037896219345e-05
1737,-8.797796425001104e-05
1738,5.51954686853389e-05
1739,0.00011965994783900263
1740,-9.173957166926107e-05
1741,9.124760318121189e-05
1742,-7.974526575895058e-05
1743,-6.818568644222279e-05
1744,-6.312183012064716e-05
1745,-8.050234227386337e-05
1746,-5.22623249189727e-05
1747,-0.0001939299873776563
1748,-0.00018492676156835392
1749,-8.83522859402116e-05
1750,-0.00017261308110316009
1751,3.362634041562544e-05
1752,0.00010859201533882096
1753,-0.00021028632979728967
1754,-3.5926158734584756e-05
1755,-0.00014959936351412816
1756,-6.998985061138978e-05
1757,4.7142347098445916e-05
1758,0.0001599685287770741
1759,0.00010520036833449113
1760,-2.01823331227012e-05
1761,-0.00033457696942035785
1762,-6.053947064528313e-05
1763,2.6862932854387376e-05
1764,0.00014781004698417941
1765,-2.1355265395684797e-05
1766,-4.489629070254296e-05
1767,8.348025194986254e-05
1768,-6.332923663204274e-05
1769,-2.8119271934033623e-05
1770,-6.670155738937822e-05
1771,8.204093419187279e-05
1772,0.00010527668676640842
1773,0.00012326939718466435
1774,-5.470377530248595e-05
1775,0.00010926671569816636
1776,-2.2306464575491293e-05
1777,0.00013053615255263318
1778,-0.00012761062564710797
1779,-6.486572294368813e-05
1780,-0.0003672646783569331
1781,1.3967551873254208e-06
1782,-7.987225703094118e-05
1783,7.860205509515019e-06
1784,-0.00013004016398104166
1785,1.1524419616237258e-05
1786,7.638556196825913e-05
1787,-8.825002032910603e-06
1788,-0.0003246002189597114
1789,-5.632210999487159e-06
1790,4.779945448191613e-05
1791,-0.0006159594759123995
1792,7.925929789944301e-05
1793,7.421201471456998e-05
1794,9.738259620506813e-05
1795,5.446254819086651e-05
1796,9.193726782483849e-06
1797,5.608112915020487e-05
1798,1.612941364266656e-05
1799,5.723321660133682e-05
1800,-2.5569449140231353e-05
1801,4.325010165741116e-06
1802,6.444339016800135e-05
1803,8.44168868407401e-05
1804,-1.6047560624549623e-05
1805,-9.455079477770053e-05
1806,0.00014639217993716824
1807,-4.272159595157027e-05
1808,8.445103141920155e-05
1809,-9.80116291446951e-05
1810,0.00010710805430746019
1811,-0.00010803673905663956
1812,9.884426747544073e-05
1813,3.534670945470191e-05
1814,5.609123026771685e-05
1815,5.372198737848572e-06
1816,-0.00025895184964544845
1817,-5.001096054802791e-05
1818,0.0001170810203790855
1819,0.00014822049173709504
1820,0.00011641611555504762
1821,4.9208604192472196e-06
1822,7.992063138983299e-05
1823,-7.590655892099654e-05
1824,0.00015204691186066605
1825,5.457736915501227e-05
1826,-9.983478488337535e-06
1827,-9.324719651576831e-05
1828,0.00014153378305787218
1829,-4.887152625351091e-05
1830,3.1680609065774894e-05
1831,5.8131269260307033e-05
1832,-6.456068854888791e-05
1833,-4.522283267836326e-05
1834,8.307006434486936e-05
1835,4.499935059468306e-05
1836,1.4883749960625453e-05
1837,-6.823333037833631e-05
1838,2.774001472679876e-05
1839,-2.4000536102538126e-05
1840,4.617104188719428e-05
1841,-1.9641450625987975e-05
1842,0.00010530150377935933
1843,-2.398886014026086e-05
1844,-2.6065710003332794e-05
1845,-9.4023782883306e-06
1846,-3.56962659031137e-05
1847,-5.273678662759797e-05
1848,0.0001198274385225036
1849,4.372898047094843e-05
1850,-4.277696657738351e-05
1851,-3.8061448408510838e-06
1852,-8.143802349635602e-06
1853,-5.7222805159977565e-05
1854,-6.553699309346519e-05
1855,-3.0366746001843334e-05
1856,-7.786074807606311e-05
1857,-2.4705560900593483e-05
1858,-4.6723336957802494e-05
1859,-2.9231375169370456e-05
1860,-6.715301905460689e-05
1861,1.0630832608452547e-05
1862,-0.00017209642594598795
1863,-0.000171798104901413
1864,3.685366662747981e-05
1865,7.308505418648024e-05
1866,-5.180394342884012e-05
1867,1.6531216889843872e-05
1868,-0.00010242751398182443
1869,-4.722991035773754e-05
1870,-7.166010906281019e-05
1871,-2.883634869273053e-05
1872,-9.80470585592193e-05
1873,-5.0772170223622295e-05
1874,0.00011001594470821968
1875,-7.333890622082053e-05
1876,-9.235633854269539e-05
1877,-0.0001376544735480567
1878,0.00010017364409095542
1879,6.684381683321576e-05
1880,9.78341173712677e-05
1881,-4.629135410412327e-06
1882,8.282176887409716e-05
1883,-6.17435190756463e-05
1884,-2.5129363821683795e-05
1885,1.848258699997921e-05
1886,-0.0004027327234552872
1887,-0.00010551683121144029
1888,-0.00033768173968827666
1889,-0.0004526417216296021
1890,-0.00010672071735480194
1891,-0.000490252107571131
1892,-0.00013201431486740714
1893,-0.0005877646683941172
1894,-0.00021274928477319342
1895,0.00036268642314154375
1896,8.919250070290714e-05
1897,0.0002459874001234704
1898,-7.001868670139954e-05
1899,-0.00010762698596364344
1900,-0.00012112946224780278
1901,0.0001235012990067895
1902,-0.00016610563560286577
1903,7.067645623730716e-05
1904,2.0671934945588684e-05
1905,0.00021344573338664366
1906,8.451906197047978e-05
1907,2.0266852355964376e-05
1908,5.988834069504251e-05
1909,2.6289532842255648e-05
1910,5.822788953085775e-05
1911,0.00011858626687251927
1912,-4.14678576399839e-05
1913,0.00020659128650402352
1914,-2.6807132827789836e-05
1915,-5.7736571925074456e-05
1916,0.00010974747108372162
1917,0.00014628974065379036
1918,0.00013737167133528915
1919,-0.00010512409573996144
1920,-3.122568537989039e-05
1921,3.3323483189897984e-05
1922,-5.759151359734917e-06
1923,-0.00013475510118111564
1924,-0.00011954856394177066
1925,5.873874857703984e-09
1926,-0.00011187150874749173
1927,4.4289715758466855e-05
1928,-5.5767035042739235e-05
1929,7.236973048668787e-06
1930,-4.774281579951389e-05
1931,-6.182250071768372e-05
1932,-0.00011696223710857606
1933,4.180433845224802e-05
1934,-0.00020925384602798626
1935,-8.999782654221335e-05
1936,-6.0623837874560334e-05
1937,-5.7331941734648085e-05
1938,5.836283048413971e-05
1939,-7.560824265257276e-05
1940,3.4452319071561356e-05
1941,1.5192325591838307e-05
1942,4.969677398094981e-05
1943,-6.164095522302102e-05
1944,5.5113079696141836e-05
1945,-0.00012990687710978937
1946,4.4041422985947165e-05
1947,-4.9218931419717845e-05
1948,0.00012196104894149698
1949,-5.8817402370786825e-05
1950,7.797368127190784e-06
1951,1.1624566646919419e-06
1952,4.342037931252517e-06
1953,6.123415819325098e-05
1954,1.9400367166659446e-05
1955,4.675150223474521e-05
1956,0.00014979764565637286
1957,0.00011656736792757304
1958,0.00018121941165155655
1959,-5.6791815558693596e-05
1960,-9.105812305521475e-06
1961,0.00011747125254372858
1962,-0.00012026316390000408
1963,-5.412394655391614e-05
1964,0.00010261785262923627
1965,4.553917044547664e-05
1966,-2.973668310568722e-05
1967,2.1050983943259565e-05
1968,5.3696759470548214e-05
1969,2.954025617704681e-05
1970,-3.985449697524849e-05
1971,-0.00010944578843401804
1972,-2.920208529794429e-05
1973,-5.523620298507808e-06
1974,-3.376398001495542e-05
1975,-3.1951472995710835e-05
1976,4.641338453653895e-05
1977,-3.2459112039554137e-05
1978,-0.00011712414066827774
1979,-1.704400842426893e-05
1980,-1.3974280439733698e-05
1981,-0.0005929987523899928
1982,0.0001551270666031378
1983,1.728823150091887e-05
1984,-0.00031439689132731435
1985,-1.888768629381117e-05
1986,-0.0002016620482944103
1987,-0.00010412836950259543
1988,-0.0003093878382775611
1989,-0.0006275645925520422
1990,-0.000411951125878197
1991,-0.00027938547669948235
1992,-0.00016234464842358233
1993,-0.0008926989632990828
1994,-0.0004337785844152819
1995,7.508406792383346e-05
1996,2.264307528401341e-05
1997,0.00016978091296431807
1998,0.00020976474613901695
1999,0.0002277767332349371
2000,0.00036903610163545694
2001,0.00016659277834093252
2002,8.703547797258612e-05
2003,0.0001306950456814167
2004,5.742595176895176e-05
2005,2.5482731663442978e-05
2006,3.170970525377166e-05
2007,0.0002582921141059344
2008,0.0001329903970725776
2009,0.00023935286459237658
2010,3.4147847054347206e-05
2011,0.00036499785744813386
2012,9.454945843073165e-05
2013,0.00017653180954904754
2014,0.0003376105441280713
2015,-2.824747095912214e-05
2016,-1.3975438639300691e-05
2017,5.836044911859846e-05
2018,1.3759790623724441e-05
2019,0.00010632793064433562
2020,8.895662672854151e-05
2021,4.1745022973722176e-05
2022,-2.9967231465328505e-05
2023,-7.197622267822474e-06
2024,4.7439926118745506e-05
2025,-2.1870991137714008e-05
2026,-3.401135081760419e-05
2027,-6.763651080789037e-05
2028,0.00015870802870479497
2029,0.0001143990447270405
2030,-4.291724271462448e-05
2031,6.643150642618125e-05
2032,-0.0001449842101015598
2033,-3.60462131864113e-06
2034,5.853963982184475e-05
2035,5.291144894029718e-05
2036,0.0005508526728290345
2037,5.1774380429501475e-05
2038,-0.00015919477932931924
2039,-0.00038148764296691134
2040,4.780795296938856e-05
2041,0.00026238730266254026
2042,0.0001544136495390974
2043,8.428512274462697e-05
2044,-0.0004496540902463163
2045,0.00021376142758835833
2046,0.0003368029585995495
2047,0.00011226156115525074
2048,0.00020314749277754773
2049,-0.00014282983219476817
2050,7.488593243484822e-05
2051,-8.869394238363567e-05
2052,8.16650460958526e-05
2053,0.00019863992938158254
2054,9.544049061606884e-05
2055,2.7721740276457187e-05
2056,0.00012904522182291718
2057,9.047015459502716e-05
2058,5.504683485011011e-05
2059,4.883049115614047e-05
2060,4.886223751732161e-05
2061,7.823466876277448e-05
2062,-0.00010671303148741878
2063,0.00010832083423628845
2064,0.0001193398674528512
2065,0.00014445573443360552
2066,-0.0006958144774989067
2067,-0.00013250734439637242
2068,0.00026438426646276607
2069,-0.00024470199116810175
2070,1.1648340796122902e-05
2071,0.00011732933211344725
2072,1.2290119385707105e-05
2073,-0.00010473276366366683
2074,6.691638557573697e-05
2075,-8.623517594288354e-07
2076,0.00014947747066017803
2077,0.000144990865191743
2078,0.00010139369434677297
2079,-0.00011079949588390645
2080,0.00021316470408868068
2081,-3.908624917275856e-05
2082,8.301449605728574e-05
2083,-3.4832747105718275e-05
2084,8.35503684033213e-06
2085,6.926980877823105e-06
2086,-2.9221315341260466e-05
2087,1.6166028890677537e-05
2088,-0.00011485190916271013
2089,1.3512585914498128e-05
2090,2.7603284692409434e-05
2091,0.00014961162169765778
2092,-0.00021691547550733742
2093,-0.00029209108865786216
2094,0.00016060694376566633
2095,0.00010953504610550604
2096,3.8463579772922265e-05
2097,-4.241473812038332e-05
2098,4.6194947486545336e-05
2099,-0.00011653748380024353
2100,-0.00013119179056737864
2101,0.00018900558692708716
2102,0.0003006215096202799
2103,0.00010179792632737421
2104,0.00010177442061549405
2105,0.00018072874093826117
2106,-6.252276632712004e-05
2107,-4.835559072462148e-05
2108,7.595187687756362e-05
2109,0.00017556976804293729
2110,0.0001115349761147401
2111,-2.6263035777280734e-05
2112,7.059088796359935e-05
2113,8.9013476951755e-05
2114,-8.217130804516626e-05
2115,9.535740195785627e-05
2116,1.5477085024393634e-05
2117,8.8289533667962e-05
2118,0.00015797854678144531
2119,-9.518153646566499e-05
2120,6.887344335095584e-05
2121,4.693662801704637e-05
2122,4.997799999613458e-05
2123,6.728420039831341e-05
2124,0.00022013464747827152
2125,0.00023560312734453393
2126,0.00021759145098499975
2127,-4.8167790533807125e-05
2128,0.00011643819004523486
2129,6.787796364951655e-05
2130,0.00014004704880590484
2131,-9.260146657234749e-05
2132,-0.00012482505900570916
2133,-9.729704464074358e-05
2134,-6.82116594925338e-05
2135,-0.00011811962118849887
2136,0.00011011803718121955
2137,-4.791283612953453e-05
2138,7.75448523233417e-05
2139,-9.447570335437245e-06
2140,-7.036683211249739e-05
2141,-3.0151688184261184e-05
2142,8.177473644100004e-05
2143,8.052983126930219e-05
2144,4.736627209779112e-05
2145,-2.932566046959376e-05
2146,0.00010764074819973691
2147,4.277610648026749e-05
2148,-0.00012778787555035073
2149,4.9939456863049e-05
2150,9.30037346885919e-05
2151,2.2589136196760853e-05
2152,1.9369514300989078e-05
2153,4.926125066526924e-05
2154,4.8490474293281284e-05
2155,7.775047175018486e-05
2156,3.081853540983983e-05
2157,-1.692833172725511e-05
2158,-4.021908920485286e-05
2159,4.921667394378688e-05
2160,6.154625336733068e-05
2161,-7.769444370980457e-07
2162,6.111784824246382e-05
2163,9.943196820275228e-05
2164,3.628193339488223e-05
2165,-4.2995962580380486e-05
2166,7.748668308886237e-05
2167,-2.594794302800515e-05
2168,3.802877301487295e-05
2169,0.00010837177862891977
2170,0.00016657505017478674
2171,1.8195787443627537e-05
2172,-3.977234312783557e-05
2173,2.7875778964628373e-05
2174,7.350774375668058e-05
2175,9.416353218615158e-05
2176,6.116771065914113e-05
2177,-0.00010064715202489093
2178,3.305530782982863e-05
2179,-0.0001058639838751266
2180,-9.80303437559773e-06
2181,5.0439533196949134e-05
2182,-6.0917922463433735e-06
2183,-0.00010137113428791868
2184,0.00011067450836374039
2185,-1.8379825406438028e-05
2186,8.879415895267649e-05
2187,3.929884276917149e-05
2188,-7.78995045471209e-05
2189,0.00010218313023275442
2190,-4.433215902475217e-05
2191,0.00011731369410108811
2192,4.136074862863255e-05
2193,-2.1866650489943818e-05
2194,-7.561189014359789e-05
2195,-1.1631824361263597e-05
2196,-0.0001319179958857214
2197,-3.0080063481299085e-05
2198,-2.5786822428209563e-05
2199,-2.740116269226858e-05
2200,-8.660878112198775e-05
2201,2.771277244460839e-05
2202,4.959318967367232e-05
2203,0.00010903380048733943
2204,8.681356184853762e-05
2205,2.2845105743573988e-05
2206,8.621038383130787e-05
2207,-0.0001115600703221951
2208,-8.643198771381745e-06
2209,-7.309422218927367e-05
2210,-7.096921105185388e-05
2211,-6.842719804727734e-05
2212,-6.725227083157328e-06
2213,-5.791489094498845e-05
2214,6.618154333822804e-05
2215,0.00012136126216487677
2216,1.3522351422840748e-05
2217,-1.8161723554813166e-05
2218,7.741675342839986e-05
2219,-6.458832390062766e-05
2220,0.00017140916383607128
2221,0.00012346540140376178
2222,-2.0872932464381465e-05
2223,-0.00012425266738080604
2224,8.69540208847955e-05
2225,8.253553864413995e-05
2226,8.110803941263281e-05
2227,9.169948742710236e-05
2228,-6.953548622482352e-06
2229,-5.3074715765853746e-05
2230,1.7972967509229884e-05
2231,-7.035963657738231e-06
2232,6.160820292977797e-05
2233,-7.575456370077624e-05
2234,-2.2799573035936336e-05
2235,8.925890753730246e-05
2236,-7.108832060431368e-05
2237,-3.454166858365608e-05
2238,-9.702588767252026e-05
2239,3.345698227030178e-05
2240,-3.774514706644888e-05
2241,9.481020900946761e-06
2242,-2.445531994487572e-05
2243,-0.00010084731975850028
2244,-5.9968882463612044e-05
2245,9.854068537705012e-05
2246,0.0001054515036316241
2247,4.8802563378434065e-05
2248,5.668935422959643e-05
2249,-7.469077145425943e-05
2250,0.00011214113429695064
2251,-5.943596280620292e-05
2252,-2.4830913624182365e-05
2253,-7.021303155846679e-05
2254,-6.359996456966977e-05
2255,-0.00014459934960209025
2256,-0.00012423001162041627
2257,1.5250066893322036e-05
2258,-5.468185241664967e-06
2259,-8.993820996715687e-06
2260,0.00011572800033489167
2261,2.958553283769086e-05
2262,2.9168615752756495e-05
2263,-0.00011856115517874979
2264,-0.00022135889611545046
2265,-2.7273072884186595e-06
2266,0.00010657779533590531
2267,8.123010260826785e-05
2268,-4.143346534083751e-05
2269,-3.583744271216965e-05
2270,6.092534064609125e-05
2271,-2.16151376122853e-05
2272,7.351927173482553e-05
2273,0.00010843153589664511
2274,-0.0004523390926060426
2275,7.3709767604753e-05
2276,6.00735549703387e-05
2277,0.00010863050350452118
2278,-7.588486336534865e-05
2279,0.0001589171199485981
2280,8.109574752324745e-05
2281,8.410463310220679e-05
2282,-1.9619742998985263e-06
2283,0.00022136627065298176
2284,7.01997629264873e-06
2285,0.0001107219897152118
2286,3.392301596828132e-05
2287,0.00017377465448395598
2288,-5.8048691053882436e-05
2289,-6.569056554320599e-05
2290,1.0571701175668548e-05
2291,0.00011998725900990463
2292,3.844674725804683e-06
2293,-6.87631494148381e-05
2294,-2.4531996491011044e-05
2295,-0.0001347963615673577
2296,-7.828503036070526e-05
2297,-4.512222829084183e-05
2298,0.0001793631079410352
2299,1.1695008012260662e-05
2300,-1.2190169815232624e-05
2301,-0.0002940123062697516
2302,0.00021050611911232198
2303,-8.427959944791166e-05
2304,0.00013108349762832412
2305,-4.5070227218851373e-05
2306,-3.3397775318284663e-05
2307,0.00016027685580403416
2308,7.935918560025153e-06
2309,0.00010372508266145032
2310,-2.576041054358847e-05
2311,5.094539921310154e-05
2312,-1.6886277253789402e-05
2313,-7.710196613257258e-05
2314,-6.532230409665679e-05
2315,5.332953515948893e-05
2316,-4.83479393840507e-05
2317,2.657594448571568e-05
2318,-4.6499248443950345e-05
2319,0.00010650678358940364
2320,9.557899752799617e-05
2321,-1.6166844220853385e-05
2322,2.5218246820439143e-05
2323,3.131809783364021e-05
2324,0.0001175001055369682
2325,-6.801758979588795e-05
2326,-0.00010852141821791904
2327,-2.3144478727002695e-05
2328,9.967102018307787e-05
2329,-7.18628994945932e-05
2330,-7.137687093401833e-05
2331,-7.268210675751435e-05
2332,3.809413256061598e-05
2333,-7.951508871640622e-05
2334,-8.649508355725873e-07
2335,-7.50209483473896e-05
2336,2.2883504213981918e-05
2337,-6.834746271687633e-05
2338,-8.52017395361684e-05
2339,-9.846464361925775e-05
2340,-4.172478475744073e-05
2341,-7.610557458233999e-06
2342,6.458276722414028e-05
2343,-0.00011351870254350694
2344,6.549551451805515e-05
2345,1.4399394244476882e-05
2346,-1.3186106688909945e-05
2347,3.464792126312e-05
2348,-8.238346823921863e-05
2349,-2.789917003743607e-05
2350,4.899214069842111e-06
2351,-1.3727132164944271e-05
2352,-8.742790271538004e-05
2353,5.5472407662640075e-05
2354,-0.00013344853368127532
2355,-6.901753778474372e-05
2356,0.00010872490643527612
2357,-1.4368255510993518e-05
2358,-6.89155194632627e-05
2359,-0.0002027038523369527
2360,-0.00019533005465231229
2361,-6.322885490425414e-05
2362,0.0002772473864491167
2363,9.212947899215209e-05
2364,-0.00013575917173176946
2365,0.00012193556827499285
2366,-4.035207978864197e-05
2367,8.179845663379419e-05
2368,0.00012748700511730577
2369,-9.830788941148202e-05
2370,-0.0007634726801422706
2371,1.5429570581945957e-05
2372,0.0001966496353181805
2373,1.1603972826194625e-05
2374,6.577710856183113e-05
2375,-4.288488739305618e-05
2376,-0.00013198166763358382
2377,-0.00018682329774450212
2378,1.7036323418673052e-05
2379,-0.0005648713422381084
2380,4.2966391658297775e-05
2381,-5.8138005713015643e-05
2382,-0.0007610109937153325
2383,6.757530038803144e-05
2384,-9.276309516401825e-05
2385,-0.00035399517799817286
2386,-0.00024165129854837478
2387,-0.00014289763159498504
2388,0.0001242111108065019
2389,-0.00011647273622358662
2390,0.0002805650635722468
2391,0.00019006241944604955
2392,8.223189044704037e-05
2393,0.00023222141072728637
2394,0.00013165764209018585
2395,0.0002191465855060763
2396,0.00015638579214078075
2397,5.145470326045515e-05
2398,2.330963574209298e-05
2399,4.436291426423283e-05
2400,-3.701958778990992e-05
2401,2.9345625031632937e-05
2402,8.370519554765902e-05
2403,-3.3656656777515665e-05
2404,-1.58719017907746e-05
2405,-0.00010352805344039123
2406,0.00011757506789808184
2407,-6.775643868877935e-05
2408,-6.598604969629335e-05
2409,0.00011009016025445193
2410,-0.0006070061559484807
2411,3.978409583263308e-05
2412,9.674899307257841e-05
2413,-0.00014625687023986668
2414,-0.0002834074479925503
2415,-0.0008741347501408776
2416,0.00014604894855404021
2417,0.00022657233886349138
2418,6.0128965313117334e-05
2419,-0.00028711081913096757
2420,-0.00027393218121582523
2421,0.00028392179798585987
2422,0.0003051017476824181
2423,-3.0178979948929276e-05
2424,-3.5086163584128207e-05
2425,-6.639023258513085e-05
2426,0.0002335923159018123
2427,0.00013123010062000216
2428,-2.364292484862565e-05
2429,-5.950448755336136e-05
2430,0.00020005723420186828
2431,0.0002088520523109305
2432,0.00013065142646989284
2433,0.00022497501878309615
2434,0.00011336115734760105
2435,1.5292585272437229e-06
2436,0.00017026517003670085
2437,3.936819228219078e-05
2438,5.1589695320215085e-05
2439,-9.54145943475408e-05
2440,-3.201616071408017e-05
2441,1.0209208166493173e-05
2442,2.5043583758440675e-06
2443,-2.5529259254357297e-05
2444,-6.923200075827046e-05
2445,0.0002151319637808822
2446,1.6042741545049073e-05
2447,2.9188338921653487e-05
2448,0.0001003134032107025
2449,1.459234600342248e-05
2450,-0.00014819833733169404
2451,-0.00011899095414989412
2452,-6.991169196089303e-05
2453,6.133480023362685e-05
2454,-3.7816423650070406e-05
2455,-8.508834427855122e-05
2456,2.6062302656626756e-05
2457,-6.732312476812959e-05
2458,-1.3631672053810497e-05
2459,-0.00011575117845574974
2460,-5.05061982550424e-05
2461,-0.00011440835612316667
2462,-9.52974670517437e-05
2463,-0.00026973652191489365
2464,-4.360544661292689e-05
2465,-3.735963775900561e-05
2466,0.00010173346168140948
2467,-0.0001147680560846925
2468,-2.3557896553748588e-05
2469,4.1881180004624935e-05
2470,-3.553469517420024e-05
2471,-0.00010495126545159174
2472,-2.4544866067681246e-05
2473,0.00014317049931364948
2474,-4.076415699254859e-05
2475,6.581027706788098e-06
2476,4.613662182983003e-06
2477,-2.6898641456067878e-05
2478,6.652705837766024e-05
2479,0.00011506112162959857
2480,-7.007801756954973e-05
2481,5.669617080401856e-06
2482,-9.83219077053368e-06
2483,-4.229562905389339e-05
2484,-0.00013547445915760079
2485,-4.741294110852622e-05
2486,7.251525486998237e-05
2487,0.0001155511621633878
2488,-0.0001243744604444407
2489,-0.0001326924194644871
2490,-9.7902775559562e-05
2491,0.00016332411356227486
2492,-6.21968035704317e-05
2493,6.476957348185775e-05
2494,-1.3919188288783824e-05
2495,-1.9919755439290964e-05
2496,-3.0261957888445643e-05
2497,6.454133097394468e-05
2498,-0.00010779078225729947
2499,2.588659450868102e-05
2500,5.149336950573024e-05
2501,-1.1781244840326598e-05
2502,-0.00013634753787764673
2503,-6.832588101314783e-05
2504,0.00012047506654324685
2505,5.944442851900792e-05
2506,0.00012815258598923934
2507,0.00012118337669767133
2508,-0.0001008242043184362
2509,-6.123299218511239e-05
2510,-8.513313360230943e-05
2511,6.078765166049727e-05
2512,-2.3558368741011528e-05
2513,-2.0740066720733164e-05
2514,-0.00013987985796071013
2515,-0.0001080815543870087
2516,-6.5884545815657e-05
2517,-0.0003521407789367852
2518,-0.0005243168602919045
2519,-0.0005761366797501665
2520,-0.0006580632272674235
2521,8.135323571106601e-05
2522,0.0003211185230310117
2523,0.0002581002412468697
2524,2.254170659703801e-05
2525,0.00013781367500511512
2526,0.000132138444024334
2527,0.00013462910497135798
2528,0.00016624579800202316
2529,-3.106910907233642e-05
2530,0.00010297554551867374
2531,4.1748569753996004e-05
2532,4.9177625540570135e-05
2533,7.371665635681816e-05
2534,5.485429541463383e-05
2535,3.245564630878334e-05
2536,-9.26031009320432e-05
2537,0.00013050009205592883
2538,-2.2917347362019412e-05
2539,6.208581361098774e-05
2540,5.369030366575198e-05
2541,2.0497529934013752e-05
2542,-6.172704796816494e-05
2543,-5.496369438112298e-05
2544,-6.446082148516276e-06
2545,2.361708647064983e-05
2546,-7.437198148353896e-05
2547,8.518401521577951e-05
2548,-2.8072177883057593e-05
2549,-2.7240451200262225e-05
2550,4.449965164629819e-05
2551,-3.1430623659326746e-05
2552,4.275956707493065e-05
2553,4.623213608840251e-05
2554,5.507635986502155e-05
2555,-4.3492522569055224e-05
2556,-0.00013271040974786603
2557,0.00011069599105240987
2558,-0.0001755846289368181
2559,5.6819981871031115e-05
2560,-5.303562908630941e-05
2561,-2.285388647086845e-05
2562,-6.970765173295638e-05
2563,-0.0003560842334711485
2564,-0.00022240049047136416
2565,0.00034617900698913763
2566,-0.0008854543137152109
2567,-9.555508408191259e-05
2568,0.0003563361446006454
2569,0.00020244821713515215
2570,0.00028056505272673295
2571,8.726093470067492e-05
2572,-0.0007745045527238807
2573,6.358855325541952e-05
2574,0.00014206024342389829
2575,8.389292615849271e-06
2576,-0.0006238864047658667
2577,-4.6976268904901986e-05
2578,0.0001744235790671809
2579,-1.2414079026757101e-05
2580,0.0001780872633319181
2581,-3.305407102677292e-05
2582,5.681944962718633e-05
2583,-7.492433203268234e-05
2584,-3.5043198584926283e-06
2585,-1.7696813865161808e-07
2586,-5.086504836284067e-05
2587,3.4769344637796056e-05
2588,0.0001228145489682344
2589,6.0128594199172055e-05
2590,1.8884312833385557e-05
2591,6.267814581529129e-05
2592,1.3486119247131749e-05
2593,5.907371780478743e-05
2594,0.00019822123935410058
2595,0.00014908932095625597
2596,0.0001222723713504363
2597,3.502628093440548e-05
2598,-1.925759644996804e-05
2599,7.662455574676278e-05
2600,-5.853998833619099e-05
2601,0.00011492197289243588
2602,5.734191482396856e-05
2603,9.487184853446946e-06
2604,-8.140682335529228e-05
2605,-0.00010827292742214159
2606,-7.207052242340614e-05
2607,-0.00012177180693889061
2608,-0.00013499013029066466
2609,-4.7922544420384384e-05
2610,-8.611862278199964e-06
2611,5.4985729061285284e-05
2612,-2.534093881888193e-05
2613,-6.472022132958563e-05
2614,-2.0025696973529382e-05
2615,-4.9647476783112686e-05
2616,-5.4474205177259454e-05
2617,-9.327790596591841e-05
2618,-8.578619573543002e-05
2619,5.197649397805018e-05
2620,-0.0002476327229162848
2621,4.677877047234792e-06
2622,0.00011849857077278909
2623,8.16427193086172e-05
2624,-7.662649442319684e-05
2625,-5.094209369408253e-05
2626,-3.295777831661046e-05
2627,-1.7579201536606118e-05
2628,7.594475756169744e-05
2629,1.8486183779364233e-05
2630,5.1921609553582725e-05
2631,-6.01323541945522e-05
2632,-0.00024302767386503698
2633,4.5479735822065804e-05
2634,-4.595235265926424e-05
2635,-7.23314672334301e-05
2636,4.579839458828397e-05
2637,4.4828403343309915e-05
2638,9.112439311225757e-05
2639,-2.875179048643341e-05
2640,-7.175400790517215e-05
2641,-1.1628746147611127e-05
2642,-3.257453145246924e-05
2643,-0.00010481034479339035
2644,-5.2037577954519506e-05
2645,-5.5339005499295016e-05
2646,0.00013985258129873475
2647,9.562758661422781e-05
2648,-0.0001876006984471199
2649,-0.00017198026642580673
2650,0.0003146968230260732
2651,-0.00022128044343709848
2652,9.413537189957803e-05
2653,3.282458019229957e-05
2654,-0.00016056703650260391
2655,-0.00010656565372814788
2656,0.00021837841104497388
2657,-0.0006687598054688856
2658,0.0005239909195847127
2659,-0.0003897150207098237
2660,-0.00045408605925170345
2661,-0.00040212965044812525
2662,-0.0007243280083043995
2663,-5.187460402853724e-05
2664,0.0009081457925245255
2665,6.127984047219116e-05
2666,0.0007184490464047333
2667,-6.102004529378663e-05
2668,7.485481737664965e-05
2669,0.00025223665262680343
2670,0.00046573254920177364
2671,1.706684418253898e-05
2672,0.00037259525606346094
2673,0.00029016231272463927
2674,0.00010733369046932326
2675,-0.00020831301127799247
2676,0.0003307473342569255
2677,6.051817612716163e-05
2678,7.974759897040258e-05
2679,0.0001166716029940837
2680,0.0003584924534303217
2681,9.944604738026419e-05
2682,0.0001735390054999344
2683,0.00041290125437504357
2684,0.0001747359027891219
2685,8.245727178835979e-05
2686,2.7097768452135788e-05
2687,-5.9318753919552666e-05
2688,9.885080089328903e-05
2689,-5.557548303759401e-05
2690,7.986642185181768e-05
2691,0.00022115718903636768
2692,9.348208983409957e-05
2693,-0.00010071064215126875
2694,-2.7443938334446227e-06
2695,8.573030716346682e-05
2696,0.00016864430364144846
2697,-3.34431944690951e-05
2698,-0.00023328873161470272
2699,3.961700932159679e-06
2700,0.00010330303468188747
2701,-0.0008770176616589102
2702,-3.79933894597344e-05
2703,0.00037956344196831635
2704,-3.4139899670043785e-05
2705,5.9572014546406294e-05
2706,4.475945620785671e-05
2707,7.60376093072502e-06
2708,0.00019886298995313027
2709,0.00017780791694065075
2710,0.00022144318505095125
2711,5.466667471241876e-05
2712,0.00012116236956174873
2713,8.437731409355148e-05
2714,0.0001373947834913262
2715,-4.061543963133187e-05
2716,-4.6512284971324924e-05
2717,-7.222970096289208e-05
2718,-6.797924962137592e-05
2719,-0.0005342637972503907
2720,0.00020698422255138534
2721,0.00014303048838141952
2722,0.0002552852450134387
2723,0.00012294771150223605
2724,-0.00026683299864554066
2725,-0.0004896528251051318
2726,-0.00019733581942682686
2727,-0.0002646836162445238
2728,-0.0002493231728753844
2729,-0.0006179200134671501
2730,0.0005687343510113589
2731,0.0002387957279015157
2732,-0.0005452683172916303
2733,0.0004961338746304632
2734,3.0153064592569497e-05
2735,7.16602536213671e-05
2736,-0.00010450235170022489
2737,2.4980785105099596e-05
2738,9.072415970489687e-05
2739,0.0015445277752357352
2740,-0.0016275187686707125
2741,9.314823312029524e-05
2742,0.0003662750823812935
2743,-8.85014742149123e-05
2744,-0.00012055698919476964
2745,0.00010414886826496067
2746,-0.00016762964393401224
2747,-0.00015559017150515065
2748,-0.00047871538527883255
2749,0.00016792772590522382
2750,-3.659336532190564e-05
2751,-0.00018466601019346312
2752,7.074218197619962e-06
2753,-3.913440896293687e-05
2754,0.00016016886746529665
2755,0.0002998387399736917
2756,0.0002651277018920659
2757,-0.0002719896904205641
2758,-0.00023269960394593187
2759,4.080779629173297e-06
2760,6.282495138664314e-05
2761,-7.241937893484345e-05
2762,0.0001757600977146978
2763,0.00021335486636260884
2764,0.00019817284077363782
2765,9.066651917934099e-05
2766,1.8213160659665472e-05
2767,-6.614596944094415e-06
2768,3.8962908602536936e-05
2769,2.595540677773567e-05
2770,3.275105554272514e-05
2771,-9.036870266226629e-05
2772,-0.00024216909845552455
2773,6.852937752971298e-05
2774,0.0001039130851804852
2775,0.00022222283181204316
2776,-5.341909289917082e-05
2777,-3.0356164866197824e-05
2778,-7.609800633167141e-05
2779,-6.531532060131609e-06
2780,7.014670906261033e-05
2781,-0.0002269161616069243
2782,4.528770368697922e-05
2783,6.27504681797356e-07
2784,0.0001668552564685601
2785,1.2305837336179761e-05
2786,-6.453648004109762e-05
2787,5.599301308449009e-05
2788,-0.0001884413338975177
2789,4.681415213645222e-05
2790,-4.354825679670078e-06
2791,1.0113892737170725e-05
2792,-4.4635998195326074e-05
2793,-2.8610066128400375e-05
2794,6.9324994597995355e-06
2795,-1.6368671295241132e-05
2796,-8.259719779395143e-05
2797,-2.5964585854071782e-05
2798,0.00012389511116820624
2799,0.0001062622035049516
2800,8.3071224235271e-06
2801,3.519777054185079e-05
2802,-6.396186477512084e-05
2803,-9.755780398624108e-05
2804,-1.919842799730849e-05
2805,6.918561555953874e-06
2806,1.5551283237491855e-05
2807,4.3593784802908615e-05
2808,-3.090732265323883e-05
2809,-7.23938131974376e-05
2810,0.00013137013984768704
2811,1.1653819366034558e-05
2812,-7.00233340527611e-05
2813,6.129136914454045e-05
2814,1.6807763081684907e-05
2815,-3.3359834246599275e-05
2816,6.972865683922957e-05
2817,5.1308544481414346e-05
2818,6.95888991636348e-05
2819,-0.00010790769959414673
2820,3.300693625256028e-05
2821,-5.2595015615213285e-05
2822,-1.7523722580240242e-05
2823,0.00012187930740743488
2824,-9.781433570208001e-05
2825,-0.00015280891526310664
2826,-4.0796404451151105e-05
2827,1.449600874145987e-05
2828,-3.769057839736178e-05
2829,5.686950296255403e-05
2830,4.193099258823305e-05
2831,0.00011587249529318912
2832,0.00012427651314692
2833,-1.8540527053834677e-05
2834,-9.97400061224539e-05
2835,-8.921600709637619e-05
2836,-7.544349118092753e-05
2837,7.695546545654443e-05
2838,0.00012302890831722055
2839,5.0939262580359774e-05
2840,5.668019601107671e-05
2841,-1.4969014969634317e-05
2842,6.456297345196428e-05
2843,1.1003938488614475e-05
2844,-4.244029163701078e-05
2845,4.040862005011558e-05
2846,2.0417773594436398e-05
2847,-7.750704753846859e-05
2848,4.001710879388806e-05
2849,2.036036951037995e-05
2850,6.782790169527604e-05
2851,0.0001011113426413821
2852,0.00010624937587246136
2853,7.412756655127046e-05
2854,3.33564804571097e-05
2855,-2.4835389784286613e-05
2856,2.572548305490128e-05
2857,-4.249644463248738e-06
2858,1.1116498269846085e-05
2859,9.534004687660039e-05
2860,6.172681061898409e-05
2861,-1.3962712265997077e-06
2862,4.034046082272101e-05
2863,-2.0594667197438397e-05
2864,4.294901217919616e-05
2865,-9.147172318059189e-05
2866,-5.231400728311622e-05
2867,0.00010308078952602877
2868,-9.325559595715915e-05
2869,5.118875173041831e-05
2870,2.196193476661386e-05
2871,-0.00012737140240086665
2872,-8.997043117048072e-07
2873,0.00010178432485301244
2874,7.623603880912614e-05
2875,4.643602475634313e-05
2876,8.652494268130025e-05
2877,-6.759359490260977e-05
2878,4.553872665012101e-05
2879,1.1434547449794311e-05
2880,-7.94979687872144e-05
