row_id,Target
0,9.029700849812672e-05
1,5.296927439247449e-05
2,-2.7263909721488414e-05
3,8.392711480326794e-05
4,-1.7694449582828323e-05
5,-5.6048677238219825e-05
6,-7.888504387125674e-05
7,-0.00010811869365455819
8,-7.208142715837256e-05
9,-5.6494289034868676e-05
10,-4.405672601000152e-05
11,7.655167695134251e-05
12,-1.5575930067765668e-05
13,-5.4133110523692464e-05
14,-3.337209169883379e-05
15,3.155296965410304e-05
16,6.96074573204243e-05
17,2.155307339717827e-05
18,-2.889154203240879e-05
19,4.913702898840504e-05
20,-5.367968263346946e-05
21,2.221766256897939e-05
22,4.636170241785442e-06
23,-4.335727101423643e-05
24,6.458104356686883e-05
25,1.6880921669906415e-05
26,8.73004836079722e-05
27,0.00012004377486241368
28,0.00028074646586741204
29,9.931086359956267e-05
30,-2.2027178287440242e-05
31,-5.6215535909757505e-05
32,6.389394572880682e-05
33,9.193798107747093e-05
34,9.798528932407893e-05
35,-0.00012832752026622807
36,5.256649712581957e-05
37,-4.738469291476615e-05
38,-6.0466478239783475e-05
39,-6.071097825130343e-05
40,6.86012235099286e-06
41,4.018762925030567e-05
42,-5.575748029154525e-05
43,-0.00010479468227971294
44,-9.436758301475508e-05
45,-6.372487258750692e-05
46,-7.43523022479929e-05
47,-7.251180679882021e-05
48,1.9356689798339216e-05
49,3.228002543792002e-05
50,-3.64179049532513e-05
51,-6.102056647607303e-05
52,-6.336445508623584e-05
53,-6.372487258750692e-05
54,4.610687842178639e-05
55,-4.189281438766475e-05
56,-0.00010981952196103452
57,-8.431554798943377e-05
58,7.20666777307667e-06
59,-5.235188462635953e-05
60,-6.051408595379576e-05
61,-6.551762323221868e-05
62,7.557382284472344e-07
63,-4.439999101464338e-05
64,-2.9012347497822986e-05
65,-2.253540801204298e-05
66,3.093160140828336e-05
67,2.7715729615722355e-06
68,-1.8904305067529524e-05
69,2.2580862850578595e-05
70,-2.5945636004106165e-05
71,-7.536217593126032e-05
72,1.2456409497332794e-05
73,-2.235647105244389e-05
74,-5.2411762492572964e-05
75,-4.343852726055246e-05
76,-5.407933880525394e-05
77,-5.613387153359757e-05
78,-5.407933880525394e-05
79,-3.7199117665689686e-05
80,-5.407933880525394e-05
81,-2.5945636004106165e-05
82,-5.8501768992760455e-05
83,-6.372487258750692e-05
84,-6.657524171994703e-05
85,-6.292903618341047e-05
86,-4.2417359470145576e-05
87,-3.9017463279204654e-05
88,-5.9200583027314363e-05
89,-5.8500283519080445e-05
90,-5.956100052858547e-05
91,-5.303219729669556e-05
92,-4.2417359470145576e-05
93,-5.635021389487428e-05
94,-5.9200583027314363e-05
95,-8.116248878856066e-05
96,-0.00010085159242101192
97,-4.658123152906706e-05
98,-4.632760109962186e-05
99,-5.9200583027314363e-05
100,-5.9200583027314363e-05
101,-7.024527117002785e-05
102,-0.00010220609523090475
103,-6.861801739853721e-06
104,-3.64179049532513e-05
105,6.115726364385207e-05
106,5.745610757408449e-05
107,-8.372908133263703e-06
108,-6.978907816537926e-05
109,2.8647907555017685e-05
110,-8.563884460898828e-06
111,-2.5945636004106165e-05
112,-2.461757647907211e-05
113,-4.238914969732054e-05
114,-5.3283502401157485e-05
115,-5.407933880525394e-05
116,-5.1557158611171676e-05
117,-7.171597039472376e-05
118,-1.488364409371945e-05
119,-2.9983157804709486e-05
120,4.287981671693762e-05
121,1.2467756220462348e-06
122,-5.46826375821933e-05
123,-3.141182498940138e-05
124,-1.4476194296154886e-05
125,-1.7472711992697364e-06
126,8.741082044393128e-05
127,3.591719138878734e-05
128,-2.8462820439322145e-05
129,-7.213460184564964e-06
130,7.170438732085654e-05
131,7.266998705205892e-05
132,-3.468619230389255e-06
133,-1.677960099245136e-05
134,-4.040990429940089e-05
135,-2.6741472408202628e-05
136,-8.563884460898828e-06
137,-3.640328126159323e-05
138,-5.6929707937694025e-05
139,-6.490355216909486e-05
140,-7.208142715837256e-05
141,-5.729012543896513e-05
142,-4.0098175649222874e-08
143,-4.1814060693206215e-05
144,-5.407933880525394e-05
145,-5.613387153359757e-05
146,-5.5554377490777823e-05
147,-2.708748999240594e-05
148,-7.434863359578249e-06
149,8.608526293206799e-06
150,-1.2527897808813651e-05
151,-2.2550510604066074e-05
152,5.758157160766704e-06
153,-1.0106250269460215e-05
154,-2.3679531705386657e-05
155,-3.0026874002877362e-05
156,-5.5622549126284154e-05
157,-5.6929707937694025e-05
158,-5.729012543896513e-05
159,-5.3283502401157485e-05
160,-5.407933880525394e-05
161,-4.1814060693206215e-05
162,-5.407933880525394e-05
163,-6.311665208040349e-05
164,-9.804222317198326e-05
165,-3.4937660850286894e-06
166,-3.546481952804101e-05
167,-5.46826375821933e-05
168,-4.57094023501728e-05
169,1.5128321594714688e-05
170,-8.606579329855693e-06
171,-1.4476194296154886e-05
172,-2.2550510604066074e-05
173,4.840878117668115e-05
174,2.155307339717827e-05
175,-2.175467419996961e-05
176,9.151337040397067e-05
177,4.358159912826286e-05
178,-2.0033326168850107e-05
179,-8.342481285885537e-06
180,-2.082916257294657e-05
181,-2.6741472408202628e-05
182,-5.076132220707522e-05
183,-3.7199117665689686e-05
184,-5.729012543896513e-05
185,-5.729012543896513e-05
186,-5.3283502401157485e-05
187,-5.3283502401157485e-05
188,-5.407933880525394e-05
189,-5.3283502401157485e-05
190,-5.407933880525394e-05
191,-5.407933880525394e-05
192,-5.3886801178096846e-05
193,-5.8846509641114783e-05
194,-6.051408595379576e-05
195,-5.635021389487428e-05
196,-6.292903618341047e-05
197,-5.635021389487428e-05
198,-4.2417359470145576e-05
199,5.464983650634058e-05
200,4.668346492566163e-05
201,-9.08305723058079e-05
202,-4.4545337310571355e-05
203,-1.4573918760553501e-05
204,-7.604114913655609e-05
205,-0.00011608994489033234
206,-9.405633165575781e-05
207,-7.446861460250007e-05
208,-0.00010041641155402442
209,-0.00015525512787332904
210,-9.42624395419441e-05
211,-0.00015492958946182673
212,-1.9230337382868666e-05
213,-5.026326228641608e-05
214,5.068679998331631e-06
215,-6.434586366832793e-05
216,-0.00011503539542311575
217,-3.1095142962801136e-05
218,-3.796111527428151e-05
219,-4.80726901151009e-06
220,-5.346215080284772e-05
221,2.8179843966624508e-05
222,3.8061202691564127e-06
223,-3.125136205132741e-05
224,2.9598726487035328e-05
225,-5.5981320712123835e-05
226,5.5910472722427085e-05
227,3.591719138878734e-05
228,-5.0250296468682186e-05
229,4.702368558919139e-06
230,-6.164338202328102e-05
231,-5.729012543896513e-05
232,-4.2705459131188794e-07
233,3.2670184275979073e-06
234,-4.014648438052524e-05
235,-5.4133110523692464e-05
236,-6.224041308478689e-05
237,-3.23328595186856e-05
238,-1.2556419516698347e-05
239,-6.244013945231743e-05
240,-5.526213162501305e-05
241,-4.1814060693206215e-05
242,-2.5945636004106165e-05
243,7.751844312799658e-05
244,1.650211531788639e-05
245,5.9426489466370216e-05
246,1.6006669851860715e-05
247,7.69360974325965e-05
248,-4.4982699994982535e-05
249,-6.673261626597113e-05
250,-2.1084779382529028e-05
251,8.895129922652183e-05
252,2.7502588913834665e-05
253,-9.029891738676624e-05
254,-1.559837660015531e-05
255,-4.7052475652704896e-05
256,-8.910284376250933e-05
257,-0.00013403199933641216
258,-5.607860526369002e-05
259,-0.00012409437817683416
260,-6.545386690434827e-05
261,8.334732900479075e-06
262,-5.860823822077085e-05
263,-0.00012286754160651075
264,-9.436758301475508e-05
265,-0.00010032934758068229
266,-6.998432624026126e-05
267,4.130016698041229e-05
268,-9.724542540628252e-06
269,4.505345297743981e-05
270,-5.894809881662631e-05
271,2.1558334683259225e-05
272,1.8786752841532254e-05
273,-8.182018347811572e-06
274,-6.586541441977979e-05
275,-9.804222317198326e-05
276,-5.8765164124489014e-05
277,-6.372487258750692e-05
278,-7.446687155558652e-05
279,-0.00012583456446679152
280,-9.025287709810742e-05
281,-8.001927006309165e-05
282,-4.405672601000152e-05
283,-6.972419938843972e-05
284,-0.00010184567772963367
285,-5.640414367519233e-05
286,1.2904247992319066e-06
287,-2.913417033879811e-05
288,2.3584975406644272e-05
289,3.170240078272034e-05
290,1.7644619269902443e-05
291,0.00010345864787710603
292,0.00012339016485556938
293,9.820253239397399e-05
294,0.00010840979240314355
295,3.444322660020532e-05
296,-1.764954818655215e-05
297,-5.753894237077392e-06
298,-1.7686980929866092e-05
299,-5.729012543896513e-05
300,-5.6929707937694025e-05
301,-5.291621833338965e-05
302,-5.407933880525394e-05
303,7.019665100086894e-07
304,-4.27324147019624e-05
305,-5.2411762492572964e-05
306,-1.497163976218057e-05
307,-8.563884460898828e-06
308,8.928150681859377e-05
309,7.27614889523584e-05
310,-6.182500979491646e-07
311,-2.549951515414533e-05
312,6.266534946302347e-05
313,-4.690064040230198e-05
314,7.527744078063435e-05
315,1.0274391634206749e-05
316,1.717595082100555e-05
317,4.6802237052638454e-05
318,-5.0591631828473585e-05
319,-6.807306418404063e-05
320,-1.2228909954083474e-06
321,2.155307339717827e-05
322,-6.963817273664798e-05
323,-0.00010013163842917364
324,-8.026490067164636e-05
325,-9.742981230596839e-05
326,-7.85161743069144e-05
327,2.7556309838408692e-05
328,-5.575748029154525e-05
329,-0.0001344078930147976
330,-8.431554798943377e-05
331,5.444012678053466e-05
332,-9.724542540628252e-06
333,6.22058250495569e-05
334,3.7631431250082864e-05
335,0.00010680906140856621
336,0.00013370216018938517
337,8.76624969684512e-05
338,8.617995584048298e-05
339,9.574824923910126e-05
340,8.701466958179466e-05
341,9.97070990188585e-05
342,0.00012110128412401557
343,0.0001145901626062375
344,9.406332428028352e-05
345,4.1094665945864896e-05
346,-1.0646460603786612e-05
347,2.6188931397017298e-06
348,6.300918502554672e-05
349,8.593987744190291e-05
350,8.016872733697725e-05
351,3.687584584831368e-05
352,-1.3810608416277147e-05
353,-1.5306744328607534e-05
354,6.625516177509384e-06
355,-2.395760881975577e-05
356,5.958295650690485e-05
357,2.3593022358456787e-05
358,-6.414222135224449e-05
359,-9.83599351311711e-05
360,-7.251180679882021e-05
361,-0.00010168394650601635
362,3.924649894634208e-05
363,1.4134046829433127e-05
364,9.091399656266383e-05
365,3.676744813724859e-05
366,9.151337040397067e-05
367,-3.942495456851362e-05
368,2.5772412302610435e-05
369,5.396593648332429e-05
370,-2.4039949206657768e-05
371,-2.3679531705386657e-05
372,-1.6718859612950206e-05
373,-5.2411762492572964e-05
374,2.439495009869624e-06
375,-4.1877810820561116e-05
376,6.011776839706322e-05
377,0.0001082365707970381
378,-3.2217285792745765e-05
379,-8.172039268429988e-05
380,-6.708929106117026e-05
381,-9.814916952110519e-05
382,-5.956100052858547e-05
383,-6.637859085461872e-05
384,-7.43523022479929e-05
385,-8.334671878558585e-05
386,-4.405672601000152e-05
387,-6.383914853286549e-05
388,-0.00010184567772963367
389,-6.657524171994703e-05
390,-6.372487258750692e-05
391,4.99929670903613e-05
392,-5.4240333828370914e-05
393,-0.00010184567772963367
394,-6.336445508623584e-05
395,-5.370225979225453e-05
396,-5.8846509641114783e-05
397,-6.256861868213939e-05
398,-5.635021389487428e-05
399,-4.408493578282655e-05
400,-5.3666499822010065e-05
401,6.0284633146680525e-05
402,4.396039528918485e-06
403,6.757877721008584e-05
404,-1.7697889175343185e-05
405,-6.0143667974619346e-05
406,-7.536217593126032e-05
407,-0.00011042515299851298
408,-0.00013742095616373708
409,-6.193518891062649e-05
410,-0.00010400413042647081
411,-0.00013278149732715098
412,8.719692111520283e-05
413,0.00012156481120819337
414,3.104172581204732e-05
415,5.6486219515516964e-05
416,0.00010172967226307022
417,0.00015250012368685245
418,3.794694346047967e-05
419,-9.035571187884451e-05
420,-0.00010811869365455819
421,-7.171597039472376e-05
422,-0.00011724204159905858
423,-5.956100052858547e-05
424,-9.536963911766435e-05
425,-2.3603145639939993e-07
426,-2.7131920212134873e-05
427,8.788318409064033e-05
428,0.00013747887753310577
429,2.5727720830415065e-07
430,6.534074879993461e-05
431,7.214047305250149e-05
432,0.00018595871055698587
433,0.00017332143095313054
434,0.00017196637431131378
435,0.00028741759921510363
436,9.701401030425149e-05
437,-8.371199509436372e-07
438,6.467789766580678e-05
439,5.219604386682327e-05
440,6.22805788711244e-06
441,-5.2055211051431935e-05
442,3.772013656233084e-05
443,-3.510872761929743e-05
444,-0.00010698871752045001
445,-6.62334705025313e-05
446,2.8131362735812116e-05
447,5.128695602114572e-05
448,5.4911103818922734e-05
449,1.841040010960152e-05
450,9.831138187351542e-05
451,8.287383126187833e-05
452,7.496715269540613e-05
453,0.00010150076376335528
454,0.00013896614377204296
455,0.00012888447722788328
456,-5.111792987627285e-05
457,3.892255088515202e-05
458,4.132972294482552e-06
459,-5.578996558967111e-05
460,7.544925016776548e-06
461,-2.8599673351434627e-05
462,2.7556309838408692e-05
463,-1.7243506380446642e-05
464,-2.097137094253556e-05
465,-5.708211507377171e-05
466,-6.41077157649984e-05
467,-5.476794524488287e-05
468,-5.729012543896513e-05
469,-5.956100052858547e-05
470,-6.372487258750692e-05
471,-7.85161743069144e-05
472,-7.251180679882021e-05
473,-1.2856005302585878e-05
474,-3.790647509570846e-05
475,-5.635021389487428e-05
476,-5.221282118966284e-05
477,-7.251180679882021e-05
478,-0.00010184567772963367
479,-8.036664947364795e-05
480,3.6028727295026204e-06
481,-5.575748029154525e-05
482,1.9356689798339216e-05
483,-2.662725807906774e-05
484,2.8877868566886344e-05
485,5.3252365694568124e-05
486,0.00010383773729708993
487,0.00010977949219715714
488,-4.2644556344857135e-06
489,2.8643852917685965e-05
490,1.048705165715824e-05
491,1.0422470016915462e-05
492,-2.6741472408202628e-05
493,4.227059907933418e-05
494,-4.439999101464338e-05
495,-5.407933880525394e-05
496,-4.171895545487599e-06
497,-3.319394443842067e-05
498,-6.490355216909486e-05
499,1.1603964124811698e-05
500,-1.674806091442099e-05
501,-5.407933880525394e-05
502,-7.599819761406883e-05
503,-0.00010981952196103452
504,5.886498770059096e-05
505,0.00014693405720011987
506,0.00014764008162128497
507,0.00012020672383589402
508,6.714580758987656e-05
509,-1.0054973422444964e-05
510,0.00010358229627214131
511,0.00013521293113948394
512,0.0001457277420019252
513,0.0001564026190830514
514,0.000120212398473105
515,0.00014815973615586
516,7.192195881968916e-05
517,7.349558980015773e-05
518,8.245862613097757e-05
519,4.3937388792583194e-05
520,-7.651652972387647e-05
521,-0.0001254163924738925
522,3.874254021250618e-05
523,-2.3814846943836786e-05
524,-3.387187644075323e-07
525,-6.266132344463107e-05
526,-4.883434736392956e-05
527,0.0005232316127025597
528,0.0002377372798895297
529,2.308546296581826e-05
530,-3.260562998298044e-07
531,-0.00012857781511577902
532,-0.00013590737894408558
533,-0.00011183049792542696
534,-9.842692988654225e-05
535,-7.299530336701376e-05
536,-8.765646359698476e-05
537,-8.765646359698476e-05
538,-1.3224875176108219e-05
539,0.00013014723380885002
540,5.3345874675775336e-05
541,8.194157787528367e-05
542,0.00010575404000467228
543,0.00015906142909721113
544,0.00011223196575884501
545,0.0001489925391179654
546,6.750112206530554e-05
547,-1.1746063766872051e-05
548,-4.5321409202761237e-05
549,3.4018167331122135e-05
550,-2.1253933253632385e-05
551,3.7406974722800283e-05
552,-4.438015563004991e-05
553,-6.659357901586532e-06
554,-4.346930248483825e-05
555,-7.043400914074443e-05
556,-0.00011787194469866046
557,-7.7994025582026e-05
558,2.665850607196829e-05
559,-1.7889914902720747e-05
560,-4.08947828499823e-05
561,-5.1693257857852944e-05
562,7.612705346089824e-05
563,3.139806225010797e-06
564,2.991290690124096e-05
565,0.0001074833508475056
566,-0.0001308226910872931
567,-9.745604653575566e-05
568,-4.386443559787325e-05
569,-1.5008955420253942e-05
570,-6.894530348577956e-06
571,-6.467042887110107e-05
572,-8.818242633564626e-05
573,-0.00015134521144572494
574,3.990731722299118e-06
575,-0.00015492958946182673
576,-0.00010808240849801727
577,-0.00010000380916917998
578,3.075808000742355e-05
579,0.0001431518998767103
580,1.1095579717771496e-05
581,5.791229049971537e-05
582,0.00013257402884054524
583,9.395315224196194e-05
584,8.250001493392084e-05
585,0.00012240282179413315
586,0.00011573008698394643
587,7.410988633990144e-05
588,5.538643997238125e-05
589,4.049956192917442e-05
590,7.867737759139988e-06
591,5.458584662300646e-05
592,1.8094957885460648e-05
593,9.378206347191096e-05
594,0.00013438828923620095
595,0.000238874293813549
596,0.0002619266468563596
597,0.00020236184258982207
598,0.00010111248334389764
599,8.086227199865846e-05
600,0.00010350001305340067
601,0.00023711098838567188
602,1.82624593217577e-05
603,3.746509606466787e-05
604,-2.4564862018878957e-05
605,-6.699158302561998e-05
606,6.591494120983225e-05
607,0.00010077926564566984
608,8.784545393034848e-05
609,4.504257466992325e-05
610,-6.013837900137613e-05
611,-0.00010015560206017906
612,3.08780683311588e-05
613,1.00265374634062e-05
614,7.59019297221611e-05
615,0.0002427097001798334
616,0.0002710404834325508
617,-9.381986148583379e-05
618,3.395949564074367e-05
619,7.315798894431311e-05
620,6.389394572880682e-05
621,0.00015672371158265535
622,0.00012042009106541262
623,1.9589921998371583e-05
624,8.963542799236601e-05
625,0.000144630723995553
626,2.4173992446059467e-05
627,-0.00010540164724468587
628,-0.00010389504431175474
629,-6.561187608588497e-05
630,-0.00013237582307553856
631,-0.00010032934758068229
632,-9.44167491570289e-05
633,-7.251180679882021e-05
634,-1.99936183937886e-06
635,-2.977894563597963e-05
636,-4.8248807841748035e-05
637,-7.816373381217884e-05
638,1.649064842777643e-05
639,-2.1515231750281854e-05
640,-7.251180679882021e-05
641,-0.00011608430526067533
642,-0.000125359789433391
643,-6.545332332883331e-05
644,-7.231544876780539e-05
645,-0.00010505491638772886
646,-8.09610998417937e-05
647,-7.300699110349573e-05
648,-9.414978689343258e-06
649,-2.8016788847427617e-05
650,6.312524703484748e-05
651,-8.76842112748426e-05
652,6.545637641221356e-05
653,0.00017705430620973278
654,1.565646389944025e-05
655,-3.8587913428833156e-05
656,5.4305744809064605e-05
657,-6.53904762787207e-06
658,-0.00011779342638960749
659,-7.206145830163491e-05
660,-0.00011046811364067317
661,-0.00014464738714694005
662,3.4274597123225793e-07
663,-1.837125506517458e-05
664,-8.591306936307566e-05
665,-9.63496940962185e-05
666,2.304642019528388e-05
667,9.44795149433056e-06
668,8.96122409386726e-05
669,5.462905772255071e-05
670,-3.3176219556744444e-05
671,-3.3063283404007746e-05
672,6.209649401894013e-05
673,8.97262312821708e-05
674,0.00011642502106054359
675,-6.110391168012058e-05
676,-0.00011506627486405162
677,-0.00011096396952415951
678,-0.00012025604452941486
679,3.6118962098955546e-06
680,-4.4774459524117e-05
681,1.3142939691328152e-05
682,-9.487435083017546e-06
683,-4.06419298465509e-05
684,-7.821293386048592e-05
685,5.1322162072538076e-05
686,0.00010062438382103804
687,0.00011435296331458269
688,6.208072794427916e-05
689,-4.25062007352388e-05
690,1.8056757937238543e-05
691,-6.259389258063853e-05
692,6.468978213290327e-05
693,0.00013376179856118255
694,-5.396339648928971e-05
695,-2.8475873265826558e-05
696,7.26407433888719e-05
697,-3.8462790517527136e-05
698,3.886785791850676e-05
699,8.254892345240575e-05
700,-5.575748029154525e-05
701,-4.468591571786239e-05
702,-8.422499372191342e-05
703,-8.71524292034339e-06
704,-2.8016788847427617e-05
705,4.3730602160465794e-05
706,9.106415028398898e-05
707,1.2595301018834937e-05
708,8.068037856269968e-05
709,0.00017592774092306206
710,0.000306710250541395
711,0.00010085398895199823
712,7.752781850707123e-06
713,-5.123400762641467e-05
714,3.254531066727834e-05
715,5.6383443073956436e-05
716,-5.367968263346946e-05
717,9.893967852563908e-07
718,-1.6900633727504173e-05
719,-5.490570996118492e-05
720,-0.0001391637043942735
721,-1.6183106033684966e-05
722,-1.9958847548132182e-05
723,-6.807480412056493e-05
724,8.929928368037399e-05
725,2.106322707326255e-05
726,5.760854439858958e-05
727,-3.8815938224206876e-05
728,-5.7286488744049626e-05
729,-2.595040679500701e-05
730,-3.9040724457567475e-05
731,-4.363386481423152e-05
732,-4.238914969732054e-05
733,-5.161592608847651e-05
734,-4.292770490868094e-05
735,-4.238914969732054e-05
736,-5.526213162501305e-05
737,-5.2411762492572964e-05
738,4.15208894827102e-05
739,2.328973653912451e-06
740,-4.004948679812977e-05
741,-5.9200583027314363e-05
742,-6.372487258750692e-05
743,-6.717442725871517e-05
744,-4.004613435806429e-06
745,-2.8315581492028512e-05
746,-4.068503959188563e-05
747,-9.837573455109014e-06
748,-3.8124629292712743e-05
749,-6.903465664231656e-05
750,-9.431984454117552e-05
751,-6.96707230049557e-05
752,-7.725089774129005e-05
753,-8.442877273056785e-05
754,-9.44167491570289e-05
755,-9.44167491570289e-05
756,-9.12059625233177e-05
757,-7.450955126910675e-05
758,2.7210292254205376e-05
759,-1.395146350041942e-05
760,-6.815357654178137e-05
761,3.147159430160266e-05
762,1.006736816934456e-05
763,8.580316520381762e-06
764,4.493671979337012e-05
765,8.000822477562015e-06
766,-2.6741472408202628e-05
767,-6.456919852567969e-05
768,-2.082916257294657e-05
769,-1.4476194296154886e-05
770,-4.238914969732054e-05
771,-5.6929707937694025e-05
772,-5.407933880525394e-05
773,-5.6494289034868676e-05
774,-5.407933880525394e-05
775,-3.640328126159323e-05
776,5.312332550223895e-05
777,2.854153227376283e-05
778,3.7980818491834495e-05
779,-1.2008334477003753e-05
780,-2.6741472408202628e-05
781,-2.9591841540642715e-05
782,-2.9952259041913832e-05
783,4.507033558479603e-05
784,-1.508048460174001e-05
785,-5.407933880525394e-05
786,-5.6929707937694025e-05
787,-4.238914969732054e-05
788,-5.161592608847651e-05
789,3.1689253015092914e-05
790,4.396039528918485e-06
791,-1.6718859612950206e-05
792,8.928150681859377e-05
793,-1.8826910276663768e-05
794,4.382811099113889e-05
795,1.3057665301781467e-05
796,-2.082916257294657e-05
797,-3.254084609072195e-05
798,-7.171597039472376e-05
799,8.52769866367383e-06
800,-1.674806091442099e-05
801,-7.187884941217087e-05
802,-0.00011020223230049938
803,-4.405672601000152e-05
804,-7.171597039472376e-05
805,-0.0001198477660827524
806,-2.3109732652695694e-06
807,1.2329685383875674e-05
808,-4.711978674042745e-05
809,-1.3910989839130548e-05
810,-4.82056980964133e-05
811,-5.8846509641114783e-05
812,-2.5154570390910553e-05
813,-2.8836141805845224e-05
814,2.558596685220172e-05
815,-2.8315581492028512e-05
816,-3.7199117665689686e-05
817,-5.446629522091659e-05
818,-5.2411762492572964e-05
819,-5.533407613469104e-05
820,-5.407933880525394e-05
821,-5.161592608847651e-05
822,4.4008837818258214e-05
823,-4.27324147019624e-05
824,5.804779731435793e-05
825,0.00011949652915332716
826,7.643172444745661e-05
827,7.417131629130968e-05
828,3.836116212395478e-07
829,-5.753894237077392e-06
830,-2.082916257294657e-05
831,7.4795051918862175e-06
832,-2.082916257294657e-05
833,-4.6907095142441604e-05
834,-5.2411762492572964e-05
835,-4.238914969732054e-05
836,-2.5945636004106165e-05
837,-1.4895966297266912e-05
838,-2.5945636004106165e-05
839,-5.091562658024259e-05
840,-5.2411762492572964e-05
841,-1.6718859612950206e-05
842,-2.4933839553641963e-05
843,-2.9591841540642715e-05
844,-5.3611691339515304e-05
845,-5.161592608847651e-05
846,-5.2411762492572964e-05
847,-2.5945636004106165e-05
848,-2.7176504870437275e-05
849,-5.2411762492572964e-05
850,-5.2411762492572964e-05
851,-5.2411762492572964e-05
852,-7.171597039472376e-05
853,-0.00011250295065658876
854,-1.4365926516956495e-05
855,-3.374260303678698e-05
856,-6.528277487795084e-05
857,-7.997574025440201e-05
858,-4.0323212963890826e-06
859,-3.225403289432982e-05
860,-5.8846509641114783e-05
861,-5.6794246919654494e-05
862,-3.692646985285307e-05
863,-4.658123152906706e-05
864,-6.849241461471525e-05
865,-0.00011384339857465825
866,-3.7803333132205656e-05
867,-3.962869158696249e-05
868,-5.5554377490777823e-05
869,-5.6929707937694025e-05
870,-7.715593159726435e-05
871,-7.85161743069144e-05
872,5.475558034368831e-05
873,2.829280452753993e-05
874,-6.702455544046078e-05
875,8.38160459586256e-05
876,0.00011596809669256931
877,3.591719138878734e-05
878,-1.7890226879245168e-05
879,-4.4521516306471626e-05
880,-0.00010168394650601635
881,-7.251180679882021e-05
882,-0.00010546474281000732
883,2.44926182906269e-05
884,2.7201892187427388e-05
885,1.0970834451488686e-05
886,7.644409300770649e-05
887,0.00012494820883089035
888,0.00011272849674723641
889,1.6444013512375172e-05
890,-5.2633432245989356e-05
891,7.442936294093227e-05
892,7.177450449103825e-05
893,-4.2644556344857135e-06
894,-2.6628536255465912e-05
895,-6.41077157649984e-05
896,5.254162557032821e-05
897,0.00012432173197480335
898,0.0001418700017976561
899,9.027570736475713e-06
900,-5.866302392403722e-05
901,-6.079801623573699e-06
902,-2.3339649698423842e-05
903,-2.5431076033661927e-06
904,4.5187147670783614e-05
905,-4.27324147019624e-05
906,-5.6929707937694025e-05
907,-5.613387153359757e-05
908,-5.729012543896513e-05
909,-5.407933880525394e-05
910,1.5128321594714688e-05
911,0.00010192543606853935
912,3.7258460707937703e-06
913,-2.8462820439322145e-05
914,6.892303996339378e-05
915,3.478817028746676e-05
916,-2.1660408181058407e-05
917,-2.6628536255465912e-05
918,-2.3679531705386657e-05
919,-4.014648438052524e-05
920,-3.7199117665689686e-05
921,-2.3679531705386657e-05
922,-4.1534545815919255e-05
923,-5.161592608847651e-05
924,7.887318888816157e-05
925,-3.598050455240871e-05
926,-0.00011042515299851298
927,9.301952880936485e-06
928,-5.8384897802050764e-05
929,-0.00011738588060539423
930,-9.561878010035209e-05
931,3.9632590667731315e-05
932,-1.4342698689140052e-05
933,0.0001001251638177595
934,0.0001793420926711548
935,9.430726653178597e-05
936,8.365201570941863e-05
937,3.444322660020532e-05
938,4.50840381449068e-05
939,8.204455147137876e-05
940,0.00013491114381653318
941,0.00010142480179691377
942,4.348774993452022e-05
943,0.00022407745113164172
944,0.00010118216505217609
945,8.151404878083882e-05
946,0.00015032350513056658
947,9.864247003492004e-05
948,9.648820628683011e-05
949,4.1874936360398966e-05
950,-5.831700290075597e-05
951,-1.4981205917105222e-05
952,6.501532054440558e-05
953,0.00010637139026564267
954,0.00010309851797128345
955,0.00011085557229041194
956,3.144581430402089e-05
957,2.7011266844100455e-05
958,4.2816013976984424e-05
959,-1.023195496345101e-05
960,4.1303587730890906e-05
961,3.1747885132994934e-05
962,-5.2583202892923566e-05
963,7.054003728409683e-05
964,4.970978130433791e-05
965,-6.812102627347367e-05
966,-0.00012373541179382807
967,5.696889437051534e-05
968,2.4858123800270133e-05
969,8.500155728976357e-05
970,-8.571838385288193e-05
971,-0.00010013163842917364
972,5.303198806831253e-05
973,0.00012053522484441205
974,-3.69456440543528e-05
975,-0.0001202375802351396
976,-0.0001251530969240218
977,-9.32659402470469e-05
978,-7.251180679882021e-05
979,-0.0001170888540111978
980,2.3742482950007504e-05
981,-1.837125506517458e-05
982,7.643981303382019e-07
983,3.734441951354526e-06
984,-7.588223986328599e-05
985,-0.00010017810141695269
986,-2.6310824296278106e-05
987,7.297705952621893e-05
988,4.2844635127731554e-05
989,-7.176723181001023e-05
990,4.4184405121020426e-05
991,5.13063258703708e-05
992,0.0002978987179091846
993,0.0001341867548620101
994,-6.303035011676135e-05
995,-9.275917956622597e-05
996,-6.315786424791713e-05
997,1.924258523725109e-05
998,-7.62340816726423e-05
999,-9.515498674244263e-05
1000,-0.00010858969337264005
1001,-0.0001484948423132849
1002,-2.185754661910629e-06
1003,-2.1582041698885777e-05
1004,7.077026403083653e-05
1005,4.8438195992191185e-05
1006,8.964651677528237e-05
1007,2.1115896080250894e-05
1008,-9.352238549108247e-05
1009,4.1993103340562266e-05
1010,9.454205434743223e-05
1011,8.129431861107146e-05
1012,2.6261917901894167e-05
1013,4.6357458420786774e-05
1014,-1.8904305067529524e-05
1015,1.612665575559115e-05
1016,-5.084272636138564e-05
1017,7.801598609618536e-06
1018,8.336011593055129e-05
1019,0.00013119861160372975
1020,3.8285370090067984e-05
1021,-2.5872629369240357e-05
1022,7.752629617694911e-05
1023,-2.5896456769299366e-05
1024,-7.994280200658761e-05
1025,-6.407368481892384e-05
1026,7.267169017868465e-05
1027,0.00013568240093278576
1028,-5.843421151210586e-05
1029,1.7914665221542637e-05
1030,-6.0923884429978926e-05
1031,-7.043400914074443e-05
1032,-0.00014880614628010692
1033,-0.0001164752482254239
1034,-4.3697317388434835e-05
1035,-6.710978152277329e-05
1036,4.6056890638768087e-05
1037,0.00011163255464721271
1038,-5.216253617029512e-05
1039,-0.00011957166361628055
1040,-8.796955206014041e-05
1041,-0.00010811869365455819
1042,-6.292903618341047e-05
1043,2.3643742883949096e-05
1044,2.1238520569050047e-05
1045,3.9024006653464425e-05
1046,9.966597198083504e-05
1047,9.613250599546777e-05
1048,0.0002002467253824649
1049,0.0004710123945205266
1050,-4.2772420975807575e-05
1051,-5.4315852110826606e-05
1052,3.29849033839528e-05
1053,2.2028090717857193e-05
1054,7.467276969756119e-05
1055,0.00014960256715097566
1056,5.653585160185502e-05
1057,-2.6918081023372956e-05
1058,7.169385045041965e-05
1059,3.464909742253361e-05
1060,-9.120389016976029e-05
1061,4.906974432631048e-05
1062,0.00012160019316141379
1063,0.00013269605636088123
1064,7.91261172241473e-05
1065,2.8403174224992952e-05
1066,5.1281715610182886e-05
1067,9.124661863865743e-05
1068,4.2816013976984424e-05
1069,-1.825574887868679e-05
1070,-6.963817273664798e-05
1071,-0.00013155956316502262
1072,-7.683870250730925e-05
1073,-0.0001338857442899092
1074,-3.6025246026762558e-06
1075,6.641088319985141e-05
1076,3.1671551998555415e-05
1077,1.3365859230857976e-05
1078,8.543787179433311e-05
1079,0.0001126516463707294
1080,-3.29391191880207e-05
1081,5.296565048078222e-05
1082,7.036359619592815e-05
1083,4.001321379767502e-05
1084,2.904844793633894e-05
1085,-7.043400914074443e-05
1086,4.7051294812165776e-05
1087,-8.712830808038584e-05
1088,5.5406474638526464e-05
1089,0.00016161846657836515
1090,0.0003053226027909345
1091,0.00019956730410214158
1092,0.00017091684086077225
1093,9.950901434091735e-05
1094,0.00019676663832349456
1095,0.0002847651771161968
1096,0.00017186064165445735
1097,0.00011068712126164997
1098,0.00014746224873707665
1099,0.00017004495185442365
1100,2.9439554108703563e-06
1101,-9.633994676410108e-05
1102,-9.371476120536779e-05
1103,1.675461248418037e-05
1104,7.802198994344005e-05
1105,0.0001882562552973778
1106,0.00012339120648622792
1107,3.4775188034962185e-05
1108,-4.079912940202632e-05
1109,4.3994391983235814e-05
1110,0.00010975317935641933
1111,0.00027899716695463394
1112,0.00018587981510504042
1113,-2.4110097690237272e-05
1114,-8.156354081139976e-05
1115,-0.00012605910176513303
1116,-0.000136524064424021
1117,-9.066952674592426e-05
1118,-8.765646359698476e-05
1119,-0.00010568345379375165
1120,-8.514831827230224e-05
1121,-0.00013257243338892467
1122,4.8934216820434514e-05
1123,8.224834358683223e-05
1124,0.00021741316874842876
1125,0.00012504285211525386
1126,0.00010898359384252585
1127,-8.039546416015736e-05
1128,5.900618900451595e-05
1129,-6.640287014318536e-05
1130,-0.00023332183665939526
1131,-6.0987081079456216e-05
1132,-0.00011570880954580852
1133,-0.0001639227524022843
1134,-9.664456249544086e-05
1135,-7.95546205946173e-05
1136,-0.00014774952840035063
1137,-0.00010433070487766902
1138,2.7504553446361183e-06
1139,0.00011119311722995613
1140,-5.99557674490359e-05
1141,-3.559491350058916e-05
1142,-6.462259373186374e-05
1143,2.2361839980413785e-05
1144,0.00013328656811228956
1145,9.987893697202676e-06
1146,7.425306362316725e-05
1147,-5.586480039571716e-05
1148,-6.165358918898994e-05
1149,-7.751534407724314e-05
1150,5.4216832551890226e-05
1151,6.434083761431276e-05
1152,-2.9983157804709486e-05
1153,-5.874969138645269e-05
1154,4.320129644571036e-05
1155,0.0001484348510691346
1156,0.00010795838719280382
1157,3.7312160987541994e-05
1158,-0.00011424587553115117
1159,-0.00010001637019333538
1160,-6.07393111458411e-05
1161,-4.040990429940089e-05
1162,3.0352907252410222e-05
1163,-1.5619039813100395e-05
1164,1.7911628615483236e-05
1165,0.00010550242534150557
1166,-1.6565428481507746e-05
1167,-6.155100029258427e-05
1168,-4.057285420675594e-05
1169,-9.463079286941486e-05
1170,-0.00010546474281000732
1171,-6.760539304645306e-05
1172,-0.00013202349044607594
1173,-0.0001468891695529176
1174,-1.6380716069749007e-05
1175,-4.7052475652704896e-05
1176,-6.891686267757011e-05
1177,-0.0001317346751275029
1178,2.4068021361509818e-05
1179,-1.2521139954629819e-05
1180,-6.859132426606781e-05
1181,-0.00012373541179382807
1182,2.8717479083948576e-06
1183,-4.518086240335154e-05
1184,-0.00012284444858387064
1185,-0.0001407897835459608
1186,3.17947926470096e-05
1187,-5.860823822077085e-05
1188,-0.00012968718516671572
1189,-9.778386120176609e-05
1190,3.504988235487122e-05
1191,-4.518086240335154e-05
1192,-0.00011865065288015334
1193,-8.792842741471816e-05
1194,-9.953351117658584e-05
1195,-7.63893215118997e-05
1196,-0.00013289797180042698
1197,-8.707508430139786e-05
1198,-1.3028826941719671e-05
1199,-2.3182808062962828e-05
1200,-7.53053876732032e-05
1201,5.705744365158407e-05
1202,-4.518086240335154e-05
1203,3.9276108622666744e-05
1204,0.000146184528900885
1205,6.109583323655581e-05
1206,0.00010835863624054358
1207,0.00011272849674723641
1208,7.864188220501556e-05
1209,5.816699075959452e-06
1210,7.902643164719875e-05
1211,0.00010876068676728289
1212,-2.607598871332423e-05
1213,-8.327597213027446e-05
1214,-0.00010168394650601635
1215,-7.607744220266536e-05
1216,-0.00011511500551577388
1217,2.7556309838408692e-05
1218,2.867474885127122e-05
1219,9.875627105463337e-05
1220,9.140881568165325e-05
1221,-6.250253394227797e-05
1222,7.37937115134538e-05
1223,0.0001667339647893199
1224,-5.841331214452954e-06
1225,-5.027715700067151e-05
1226,6.145462467015943e-05
1227,8.933610331230649e-05
1228,-5.5285381463001184e-05
1229,-9.93674784155034e-05
1230,-7.673709092290112e-05
1231,-0.00013237582307553856
1232,-5.039019472602985e-05
1233,-5.729012543896513e-05
1234,-8.029384686469981e-05
1235,-0.00012873409974150548
1236,-8.149460108706259e-05
1237,-8.21058210289795e-05
1238,6.0794750020063675e-05
1239,9.149093228357343e-05
1240,0.00011616299722574358
1241,0.00015170785124702223
1242,5.980342609232805e-05
1243,-4.568123722734257e-05
1244,3.97397098803784e-05
1245,6.856371785732704e-05
1246,-2.0033326168850107e-05
1247,-4.10520765872921e-05
1248,5.7865788649496764e-05
1249,3.6101353208488572e-06
1250,-4.3861391494139935e-05
1251,-2.5161692997250505e-05
1252,4.7481237022325305e-05
1253,2.393685792098005e-05
1254,-1.8904305067529524e-05
1255,0.0001010424481548835
1256,1.7631136419206966e-05
1257,8.597976597438538e-05
1258,9.913441086637519e-05
1259,-1.1002872718079041e-05
1260,-7.10220687341199e-05
1261,-2.9952259041913832e-05
1262,6.27037703500775e-05
1263,-5.216253617029512e-05
1264,-9.407048266302234e-05
1265,-8.010310166190066e-05
1266,2.7556309838408692e-05
1267,0.0001325153022973033
1268,0.00012524585656318994
1269,0.000148154061518649
1270,-8.123097000722146e-05
1271,-5.5526978892361846e-05
1272,6.202916787015089e-06
1273,-6.509018832687904e-05
1274,5.1179788756835215e-05
1275,0.00011233108523501142
1276,0.00011952056442991605
1277,0.0001339086077336195
1278,0.00010597573184498022
1279,3.8136908360061616e-05
1280,5.288031664772882e-05
1281,3.658169224846909e-05
1282,0.00010336379403724694
1283,0.00013877067854149136
1284,3.5476399079585205e-05
1285,1.5556131133048984e-05
1286,9.319779806170163e-05
1287,-0.00010379988110087316
1288,-1.4991692372276854e-05
1289,-6.187461852740148e-05
1290,5.9927688319969826e-05
1291,0.00011269649280578088
1292,-4.835238357916723e-05
1293,-0.00014774430690116626
1294,-7.251180679882021e-05
1295,-2.510955058662892e-05
1296,7.88911844343528e-05
1297,0.00013108175917374548
1298,9.65284771142655e-05
1299,0.00011843741297334539
1300,0.00013147365220597047
1301,0.00010153009561308769
1302,9.085520859184659e-05
1303,1.4957104551781965e-05
1304,-6.154170464354158e-05
1305,-1.622699472766727e-05
1306,2.929236561599438e-05
1307,-4.4249561165136734e-05
1308,-6.518149644543733e-05
1309,-7.536217593126032e-05
1310,-0.0001294507821564647
1311,-6.438566004134088e-05
1312,1.532814917568483e-05
1313,-2.9983157804709486e-05
1314,-5.6929707937694025e-05
1315,7.745624082148974e-05
1316,-5.216253617029512e-05
1317,-0.00011377228993376117
1318,1.9757693352766637e-05
1319,-5.367968263346946e-05
1320,6.72066074129798e-05
1321,-6.106290299620965e-05
1322,-0.0001163470093500513
1323,2.9931228620332618e-05
1324,-5.367968263346946e-05
1325,-0.00011042515299851298
1326,-8.328051868834746e-05
1327,-0.00015958202358181805
1328,-3.3830201012399515e-05
1329,4.836355305294347e-05
1330,0.00011940367517073168
1331,-8.194660708842909e-05
1332,2.339672347745255e-05
1333,-6.501079268355745e-05
1334,-0.00010041641155402442
1335,-0.00013036262498632617
1336,-1.8513477710682068e-05
1337,-8.024387030927189e-05
1338,-3.716672189371312e-05
1339,-3.691335041927696e-05
1340,5.2762160464325184e-05
1341,0.00013589674916915666
1342,0.00012631758945017506
1343,7.891807885826216e-05
1344,6.000336702053134e-05
1345,4.53646460062942e-06
1346,2.350153721299009e-05
1347,6.753777365673302e-05
1348,8.738928693074959e-05
1349,0.0001337682547328124
1350,0.00013340777516504047
1351,0.00010575404000467228
1352,0.00015110306606872827
1353,0.0001027244463352337
1354,7.416201166328964e-05
1355,8.958240210845467e-05
1356,2.766467199752236e-05
1357,8.701495278116658e-05
1358,0.00010385169352979062
1359,0.00031732328234504394
1360,5.523069301369635e-05
1361,-0.00012028550723703547
1362,2.6682746078554436e-05
1363,8.543604497973637e-05
1364,0.00014364031741450473
1365,0.00014987609762118255
1366,-8.91827571407896e-05
1367,-0.00011801527941413089
1368,-6.418996405207496e-05
1369,-3.5105496818917884e-05
1370,-4.724976174950505e-05
1371,-5.039019472602985e-05
1372,-6.327849733796402e-05
1373,-0.0001488203807247872
1374,-7.6713825993169e-05
1375,-4.1355565788531185e-05
1376,7.454277679598701e-05
1377,-4.6346964751633575e-05
1378,7.423237586952935e-05
1379,-3.037957931901773e-06
1380,3.072499710104185e-05
1381,7.715133532098385e-05
1382,-5.367968263346946e-05
1383,-4.073342318660601e-05
1384,3.177597552645546e-05
1385,-0.00010421872149141404
1386,-0.00011605492695816593
1387,-0.00014457274954722213
1388,-0.00010000380916917998
1389,-8.18259326334789e-05
1390,-7.575833637562137e-05
1391,-0.00012197840885263761
1392,-6.160965049912418e-05
1393,-0.00014489915926791058
1394,-0.0001460543974574852
1395,-3.264588079438433e-05
1396,-3.290489710788282e-05
1397,-0.0001720659522868872
1398,3.116809560325198e-05
1399,-1.5740823551958866e-05
1400,-1.9990159858595006e-05
1401,-8.451722820720929e-05
1402,-4.180339171852413e-06
1403,-3.930959047444765e-05
1404,4.772739243670315e-05
1405,3.572158913852031e-05
1406,-4.711978674042745e-05
1407,8.653469432438521e-05
1408,5.1543797738828437e-05
1409,7.496715269540613e-05
1410,8.471349241837193e-05
1411,9.684282449131088e-05
1412,0.00013965616238502266
1413,0.00015199199600573657
1414,8.034850590035271e-05
1415,-4.857937022559494e-05
1416,3.5543783630621264e-05
1417,1.0283300879177262e-05
1418,-1.790100624045077e-05
1419,-5.6530764792315783e-05
1420,-4.7179408092318656e-05
1421,6.122906546344282e-05
1422,-4.734040311543564e-05
1423,-9.428190947977128e-05
1424,6.833300537923937e-05
1425,0.00011342425124004788
1426,0.00010949065380107334
1427,0.00010021825868575249
1428,1.417673850193412e-05
1429,5.5910472722427085e-05
1430,6.833005447493326e-05
1431,4.213899371723705e-05
1432,4.1931744654690526e-05
1433,9.315817846505893e-05
1434,0.00013627471551316928
1435,-2.9041207415340713e-05
1436,-5.7450153337821485e-05
1437,5.249886280275035e-05
1438,3.995017103053469e-05
1439,9.751984475105827e-05
1440,-3.252502385557834e-05
1441,-9.089298513597075e-05
1442,-6.124841228178686e-05
1443,-5.48267127221877e-05
1444,-7.016484377901191e-05
1445,2.579143694688106e-05
1446,8.083885107495224e-05
1447,-5.4240333828370914e-05
1448,-9.83599351311711e-05
1449,2.1741263917766646e-05
1450,-1.649675580995907e-05
1451,-6.092299298914312e-05
1452,-5.259664751609662e-05
1453,-5.3886801178096846e-05
1454,-6.637859085461872e-05
1455,-4.80726901151009e-06
1456,7.918554718607716e-05
1457,0.00020074162597951054
1458,0.00014839976098887818
1459,7.167073344383916e-05
1460,-4.7106513561751115e-05
1461,2.915005847179859e-05
1462,3.123243996649414e-05
1463,3.076161185965343e-05
1464,3.093160140828336e-05
1465,8.213547715047115e-05
1466,0.0001339881589611471
1467,8.411494992044389e-05
1468,-6.989410330523003e-05
1469,-6.305506528859164e-05
1470,-3.401883717830901e-06
1471,6.833334810471526e-05
1472,0.0001302900955685047
1473,-3.412368180345219e-05
1474,-8.222712147288516e-05
1475,-9.577134808236292e-05
1476,4.3493507500246754e-05
1477,-5.2517489247063834e-05
1478,8.922681385194851e-05
1479,-4.6024457581989625e-05
1480,-7.827612253392424e-05
1481,-5.987871248777327e-05
1482,-6.205729627482595e-05
1483,-5.956100052858547e-05
1484,-5.3283502401157485e-05
1485,-5.635021389487428e-05
1486,-7.114151561428171e-05
1487,5.60905670660324e-05
1488,-3.7732735058004275e-05
1489,-3.834097165398944e-05
1490,-3.6844912444121285e-05
1491,-6.471101454193775e-05
1492,-6.205729627482595e-05
1493,-2.6741472408202628e-05
1494,-2.091094144469673e-05
1495,-5.635021389487428e-05
1496,-7.456633952716387e-05
1497,-9.804222317198326e-05
1498,-6.432968945274052e-05
1499,-5.956100052858547e-05
1500,-5.4538239730594586e-05
1501,-4.3384636274592635e-05
1502,-5.635021389487428e-05
1503,-6.256861868213939e-05
1504,-5.8846509641114783e-05
1505,-4.2417359470145576e-05
1506,0.00010750399548516337
1507,0.00013147365220597047
1508,2.3259542673369788e-05
1509,9.265537219409229e-05
1510,3.129074882366408e-05
1511,3.7944046123298744e-05
1512,1.3220282464013461e-05
1513,-5.950566191026475e-05
1514,4.1474762675237726e-05
1515,-9.848130201485686e-06
1516,3.262729778877837e-05
1517,0.00011449634240262945
1518,2.6003923795986073e-05
1519,9.075436348243761e-05
1520,4.046901790885231e-06
1521,-4.776734693907153e-05
1522,-4.8474405308287255e-05
1523,-0.00011099302944221814
1524,2.5765373089025167e-05
1525,5.4892452570166505e-05
1526,-1.508048460174001e-05
1527,-7.615866908241209e-05
1528,2.5810615025773356e-06
1529,-1.9958847548132182e-05
1530,-5.2411762492572964e-05
1531,-1.5476902358892904e-05
1532,-5.161592608847651e-05
1533,3.1207511133811526e-05
1534,-1.508048460174001e-05
1535,-2.3100037662566922e-05
1536,-5.741529977099584e-05
1537,-5.789342421590449e-05
1538,-5.5622549126284154e-05
1539,-5.2411762492572964e-05
1540,-4.238914969732054e-05
1541,-5.5554377490777823e-05
1542,-5.9200583027314363e-05
1543,-5.407933880525394e-05
1544,-4.014648438052524e-05
1545,0.00010905172672536151
1546,9.621435456128873e-05
1547,-1.2706086374028001e-05
1548,-5.342440232072611e-05
1549,-3.9616244848063775e-05
1550,-0.00011099302944221814
1551,-0.00010240251351879399
1552,-6.46777625481424e-05
1553,-8.735334182339349e-05
1554,-8.704209046439621e-05
1555,-6.932954145000202e-05
1556,-5.660536241261374e-05
1557,-5.21544812998369e-05
1558,-6.546361510021177e-05
1559,-0.00011533599745588519
1560,-0.00011176560091658247
1561,-0.00013029006124453492
1562,-9.962904807244836e-05
1563,7.092390910739292e-05
1564,1.7853527268380212e-05
1565,0.00012581967617316365
1566,-5.804758702586938e-05
1567,-0.0001363886321196964
1568,-0.00011772802764632622
1569,-0.00013999495302694873
1570,7.06970226763555e-05
1571,4.667949898673342e-05
1572,-2.046045785118915e-05
1573,-8.451722820720929e-05
1574,1.7663049627802353e-05
1575,-2.5842127458770888e-05
1576,2.5914058909657652e-05
1577,-4.206306257170815e-06
1578,-6.051408595379576e-05
1579,-6.23933251863519e-05
1580,-7.526270795968297e-05
1581,9.921428576004872e-06
1582,1.1493518013582792e-05
1583,-7.86294878502679e-05
1584,-0.00015525512787332904
1585,-9.609114052647274e-05
1586,-6.092001177309577e-06
1587,-8.47874198993015e-06
1588,-8.92811050179007e-05
1589,-7.061752598971442e-05
1590,2.7422536664069893e-05
1591,-4.626071878006468e-05
1592,-0.00010966186686272416
1593,4.4482334614813355e-05
1594,4.907929101184666e-06
1595,8.217837536264988e-05
1596,6.343530928857094e-05
1597,-6.927086829771021e-05
1598,-0.00012178913599378887
1599,2.117547808226671e-05
1600,2.3952996792508174e-05
1601,-5.6230893903140116e-05
1602,-8.451722820720929e-05
1603,-0.00010477670190083514
1604,-2.6958859438541915e-06
1605,-3.925659371506469e-06
1606,-0.00014522318322334588
1607,-1.685101406234315e-05
1608,4.230773983643893e-05
1609,2.5919270325209195e-05
1610,-4.1279558579428536e-05
1611,-2.8842549855988313e-05
1612,3.1175163056163316e-06
1613,-3.634345628285774e-05
1614,1.292940171690021e-05
1615,-1.3915291757257424e-05
1616,-6.401298656870227e-05
1617,-2.414602310255865e-06
1618,-3.078864449398233e-05
1619,2.112156268986685e-05
1620,2.1256926791697915e-05
1621,-6.85101257446444e-05
1622,-0.00012267022873150806
1623,-1.6577284264256283e-05
1624,-8.126953130989678e-06
1625,-4.2417359470145576e-05
1626,-5.499256590462934e-05
1627,-4.0323212963890826e-06
1628,-3.804237152059754e-05
1629,-5.2411762492572964e-05
1630,-7.765228266558446e-05
1631,2.349449799940482e-05
1632,-1.674806091442099e-05
1633,-6.222873667517658e-05
1634,5.367464141052908e-05
1635,-1.9018936004041337e-05
1636,7.887318888816157e-05
1637,9.376682143573424e-05
1638,7.781752182784624e-05
1639,-8.087063387388727e-05
1640,-0.00012039937924488529
1641,-5.382160800907181e-05
1642,2.899786221762533e-05
1643,8.229256440544528e-05
1644,6.360312572583448e-05
1645,9.689406214090409e-06
1646,-2.0387861325692847e-05
1647,-2.2979232197152732e-05
1648,-2.6890318339097855e-05
1649,-5.753894237077392e-06
1650,7.219749935555537e-05
1651,3.4453842109018894e-05
1652,3.145206302161384e-05
1653,-1.4589119299589454e-05
1654,-7.24885418690881e-05
1655,-9.728126929673353e-05
1656,-6.320272386261852e-05
1657,-7.081615059274821e-05
1658,4.6067337816273135e-05
1659,-4.957371704767398e-06
1660,8.734807304518384e-05
1661,0.00020932711381020118
1662,0.0002286731881050721
1663,-6.665436192306269e-05
1664,-8.832029459539285e-05
1665,7.547488185051751e-05
1666,2.6147525534348023e-05
1667,6.280077852984292e-05
1668,0.00011541319916063801
1669,-4.738469291476615e-05
1670,-9.219741580104247e-05
1671,-2.2079041874581117e-05
1672,-6.206122176396537e-05
1673,-0.0001095779097375149
1674,3.393896633283246e-06
1675,-5.4270089470003347e-05
1676,-0.00012646322465188512
1677,7.497823702977446e-05
1678,-5.571857664365395e-05
1679,-9.370241543695151e-05
1680,-8.182845730973646e-05
1681,-3.047469635519959e-05
1682,-6.963817273664798e-05
1683,1.0610962547555092e-05
1684,-5.998276441562616e-05
1685,-2.7952199067038784e-06
1686,0.00011314695550250248
1687,7.6431404239767e-05
1688,6.359870416929103e-05
1689,4.818642216715065e-06
1690,5.989113741997122e-05
1691,3.644547889648815e-05
1692,-5.004484519718122e-05
1693,-7.623338282326381e-05
1694,-0.00013935455302321452
1695,-0.00010465624328917133
1696,-9.61654755217608e-05
1697,2.7556309838408692e-05
1698,4.515361897855988e-05
1699,7.883947289192651e-05
1700,3.882585141409669e-05
1701,-7.097139540591378e-05
1702,-0.0001244500265626727
1703,5.5747415845448605e-05
1704,4.515016534686771e-05
1705,8.031857878375681e-05
1706,-1.2521139954629819e-05
1707,-5.340654893842157e-05
1708,-0.00012014769292138165
1709,-4.0106306029788674e-05
1710,-5.1483944185508236e-05
1711,-1.5266131280458285e-05
1712,9.420568151932349e-05
1713,-1.1392118853309219e-05
1714,9.170905089404115e-05
1715,0.00015042134910699936
1716,0.00013930783343633923
1717,0.00012861611885466105
1718,0.00010724283880411005
1719,0.00010190222191921123
1720,0.00010198672332097803
1721,0.00012715277582709983
1722,0.00011384558840904662
1723,0.00012846427490775198
1724,8.366547848368757e-05
1725,6.23234662332675e-06
1726,-6.014093982828116e-05
1727,2.8882451829189747e-05
1728,7.590221960477612e-05
1729,0.00014460833520802918
1730,-4.6360471798455565e-05
1731,-9.517408224395666e-05
1732,-4.983834879831318e-05
1733,-1.497300338818759e-05
1734,-4.040990429940089e-05
1735,-5.94401950631713e-05
1736,3.2728262711291166e-05
1737,5.0505461796115384e-05
1738,-4.160339360064182e-05
1739,-6.251520252849161e-05
1740,-5.8184445267131126e-05
1741,-5.5622549126284154e-05
1742,-5.638353687301246e-05
1743,-4.040990429940089e-05
1744,-8.321701860608806e-05
1745,5.504557669799045e-06
1746,-1.508048460174001e-05
1747,0.00010744930251851811
1748,0.00014426241967366364
1749,0.0001472114242237429
1750,0.00012699141824390822
1751,9.001673099253023e-05
1752,0.00012975558215141584
1753,4.326801481855761e-05
1754,6.351693033250768e-05
1755,4.361185038108088e-05
1756,7.787559643043679e-05
1757,-4.6779751920534185e-05
1758,6.726130037962507e-05
1759,0.0001937008568902043
1760,0.0002694759285184605
1761,0.00013767693121926445
1762,9.977544178515442e-05
1763,8.991406020221838e-05
1764,6.528772841018261e-05
1765,4.512734824014462e-05
1766,3.298736338477053e-05
1767,5.738332938627091e-05
1768,0.0001194073580803537
1769,-3.1098396727092475e-05
1770,-3.202879103987902e-05
1771,-2.4578718723883544e-05
1772,5.09437177055318e-05
1773,-3.866747037754441e-05
1774,6.18291477450079e-05
1775,-5.673600728772061e-05
1776,2.579143694688106e-05
1777,4.0186662273260556e-05
1778,5.171649629483106e-05
1779,8.387165344081087e-05
1780,8.317057101825292e-05
1781,0.00010639333056988322
1782,-2.5286857836698053e-05
1783,5.473773972588082e-05
1784,0.00013249619922337623
1785,8.127631296913792e-05
1786,-9.620596372296278e-06
1787,-5.972788696987075e-05
1788,-0.00010098364699778242
1789,-5.039019472602985e-05
1790,-4.4745332449630446e-05
1791,-6.41077157649984e-05
1792,-1.401938302221887e-05
1793,-3.339677460984157e-05
1794,5.305536380432407e-06
1795,-4.6024457581989625e-05
1796,-5.093825613687308e-05
1797,3.877939236950188e-05
1798,-6.327849733796402e-05
1799,-9.666954669100053e-05
1800,-5.6552628924694614e-05
1801,-6.372487258750692e-05
1802,-7.815575680564331e-05
1803,-5.956100052858547e-05
1804,3.6320696529389184e-05
1805,-9.352421502075696e-06
1806,-5.355361648087272e-05
1807,-7.461886684315978e-05
1808,-5.956100052858547e-05
1809,-5.789342421590449e-05
1810,-6.126145987072952e-05
1811,5.367064667164879e-05
1812,8.682583006292898e-05
1813,-5.176622821917896e-05
1814,-9.556333771716957e-05
1815,-6.369279789842383e-05
1816,-5.6877286455721256e-05
1817,-5.5622549126284154e-05
1818,-7.038514804591499e-05
1819,-9.668772036209043e-05
1820,-2.0470310639502117e-05
1821,-4.408493578282655e-05
1822,-5.8501768992760455e-05
1823,-5.4133110523692464e-05
1824,-4.177095094787148e-05
1825,7.550007025131604e-05
1826,1.950248628298918e-05
1827,-0.00010891523178414236
1828,-9.971593071509517e-05
1829,-0.0001724663053392166
1830,-6.193518891062649e-05
1831,-0.00015525512787332904
1832,-4.488319406998285e-05
1833,-5.6324741126904074e-05
1834,-6.950598108110937e-05
1835,-0.00013372193710202413
1836,-8.621866757448039e-05
1837,-9.40912107455266e-05
1838,-7.778753868062077e-05
1839,3.4014070091919576e-05
1840,-1.2521139954629819e-05
1841,-6.82070529252654e-05
1842,-0.0001210447578494701
1843,1.808000493052046e-06
1844,3.394760175060099e-05
1845,-4.916716185050422e-05
1846,4.36506297960709e-05
1847,-3.387849946167606e-05
1848,-6.372487258750692e-05
1849,-6.169687877355486e-05
1850,3.229411309155425e-05
1851,7.453279641406516e-05
1852,5.908057414143073e-05
1853,8.525794486796717e-05
1854,0.00028317852681702634
1855,0.000252877459917072
1856,0.00018318068167092806
1857,0.00022387027397478268
1858,0.00023564417071951472
1859,4.322663096882708e-05
1860,7.177455147381377e-05
1861,0.00014401292957005394
1862,9.598838532218567e-05
1863,5.873266029823525e-05
1864,-3.335307710768029e-06
1865,2.0172150479084996e-05
1866,-1.5549156384819997e-05
1867,-3.4085987657655825e-07
1868,8.031661982277883e-05
1869,-1.4839769107890996e-05
1870,8.029722416124707e-05
1871,0.0001513494221872354
1872,1.834279463210899e-05
1873,-3.445460536581719e-05
1874,-7.836275731772944e-06
1875,-7.043400914074443e-05
1876,-0.00010013163842917364
1877,3.7967397890453954e-05
1878,-4.1403717338000737e-05
1879,-3.3135714945438464e-05
1880,-2.7191002469850453e-05
1881,-8.728170250025314e-05
1882,6.658314897530746e-05
1883,-3.6047781984031994e-05
1884,-0.0001041385034389387
1885,-0.0001026272870831918
1886,4.2648365359721897e-05
1887,-2.6393594696674022e-05
1888,7.787559643043679e-05
1889,8.118395101229814e-05
1890,-5.635021389487428e-05
1891,8.084472184714933e-05
1892,-5.0423617201614485e-05
1893,-6.80732956860069e-05
1894,-7.760308261727741e-05
1895,5.098161371847017e-05
1896,-5.790496675755036e-05
1897,5.327855266594639e-05
1898,-6.76067438585523e-05
1899,3.062292322754466e-06
1900,-1.3958932447533114e-05
1901,-5.407933880525394e-05
1902,8.109135337695464e-05
1903,-5.216253617029512e-05
1904,-8.59793588167515e-05
1905,1.836090529713176e-05
1906,8.733169248388468e-05
1907,-6.95933935786879e-05
1908,8.367965365206681e-05
1909,-4.9576760909008234e-05
1910,6.064942517803643e-06
1911,-5.673600728772061e-05
1912,-0.000125359789433391
1913,-7.871232551561243e-05
1914,-3.506856904815927e-05
1915,4.194760228104542e-05
1916,-6.785297628908915e-05
1917,-7.563939840397816e-05
1918,-6.368744815719996e-05
1919,-0.00014168225617411904
1920,2.3703221104661533e-05
1921,4.407071464757357e-05
1922,6.160553870293105e-06
1923,-8.434462994836575e-05
1924,-0.00010624084716621317
1925,-6.173175786332365e-05
1926,0.0001311753506373652
1927,0.0003132923025955741
1928,5.785740534636091e-05
1929,9.229767298084546e-05
1930,8.243617259937123e-05
1931,8.716178767325635e-06
1932,1.0656518449140575e-05
1933,5.039764879147712e-05
1934,-4.8917338062186026e-05
1935,2.8146750114411592e-05
1936,2.103397754236841e-05
1937,-4.7179408092318656e-05
1938,-2.3336865875772102e-05
1939,-1.1291418578051673e-06
1940,-6.99797804782849e-05
1941,-9.569667629572918e-05
1942,5.924977180968072e-05
1943,0.00011833157083444954
1944,0.0001512546759722307
1945,0.00010507748275055525
1946,0.00014185121574494946
1947,1.9194878394348353e-05
1948,6.185627807761788e-05
1949,2.9495619550650306e-05
1950,1.93588454846033e-05
1951,7.821317241332067e-05
1952,0.00023249103734359608
1953,0.00043703490307518147
1954,0.00023264363365641433
1955,0.00017116836608760497
1956,0.00014461795347669356
1957,0.00011676808206665755
1958,0.00014815973615586
1959,0.00012625515378346405
1960,0.000130003178956946
1961,0.0001460990364269859
1962,0.0001744253065716955
1963,0.00016828556815806235
1964,0.0002068050096886892
1965,0.00016609034135332126
1966,0.00010971679249825138
1967,-4.351612947911149e-05
1968,3.866200955195542e-05
1969,0.00011293938934071955
1970,0.00012718063714283208
1971,7.873094915091837e-05
1972,-3.9152345277244025e-05
1973,5.2668727132902844e-05
1974,-4.9023546864857124e-05
1975,4.440768706463912e-06
1976,-4.040884522941939e-05
1977,-9.712839382478831e-05
1978,-7.24885418690881e-05
1979,-0.00012743758709146682
1980,-0.00011314051590822326
1981,-0.00014032049143845103
1982,-7.218626838731791e-05
1983,-0.0001299645228330326
1984,-7.677217174192696e-05
1985,-1.1299683488057023e-05
1986,0.00026879201283738937
1987,0.00015183771278666608
1988,6.014472911740395e-05
1989,9.931929285613045e-05
1990,0.00012505509059645544
1991,4.092101666511391e-05
1992,-8.442879917997957e-05
1993,2.47976928179523e-05
1994,-7.251180679882021e-05
1995,-0.00011250295065658876
1996,-0.00011511500551577388
1997,-4.829206901650218e-06
1998,7.94732035706046e-05
1999,4.486485339423551e-05
2000,8.903097636300828e-05
2001,1.9236409200461208e-05
2002,8.891521475416824e-05
2003,0.0001113863688607041
2004,-6.341423760169354e-05
2005,5.663084216869333e-05
2006,0.0001706670593025573
2007,0.0001662598509415419
2008,0.00012503708495452198
2009,3.9258283175660386e-05
2010,6.66567897982346e-05
2011,0.00015921802355418189
2012,0.0001628144817525553
2013,-3.3724183830208256e-05
2014,2.1764487004376524e-05
2015,-7.679456151571259e-05
2016,4.8483736315469794e-05
2017,0.00017401817617258454
2018,0.00010717170820574289
2019,0.00010120729045085104
2020,-5.894881579329516e-05
2021,-8.855185733113676e-05
2022,-7.43460801089651e-05
2023,6.375028313506298e-05
2024,2.076413400299574e-05
2025,9.670927000686303e-05
2026,4.218677708821776e-05
2027,-5.2411762492572964e-05
2028,-8.222712147288516e-05
2029,1.8915860671073867e-05
2030,0.00012919313998080648
2031,0.00010500484314515805
2032,0.00011686801507795991
2033,0.00015042187301012527
2034,9.023249865204634e-05
2035,0.00012740714884141444
2036,5.195866901905851e-05
2037,-8.143952342147948e-05
2038,7.126679493516929e-05
2039,0.00013068414946786376
2040,6.653081840346933e-05
2041,-9.332009884598367e-06
2042,-7.857047946085663e-05
2043,1.7452308789880396e-05
2044,4.659003801823342e-05
2045,-2.8826675467743944e-05
2046,0.00010722647518144983
2047,-5.367968263346946e-05
2048,-0.00015010498550816748
2049,-0.00016332558160029903
2050,-9.769982167988772e-06
2051,-5.367968263346946e-05
2052,-0.00014086993496904536
2053,-0.0001461335894478471
2054,-8.773853105713229e-05
2055,5.0499915350869e-05
2056,0.00013591101227237
2057,0.00023932180977481873
2058,-9.178942003045421e-05
2059,6.910539171780047e-05
2060,5.0091100727383085e-05
2061,0.0002737056104086111
2062,-4.10236448745937e-05
2063,-0.00015481731578073556
2064,4.4378723093974753e-05
2065,-5.8615263654073434e-05
2066,6.162132849050669e-05
2067,0.00011249212555558379
2068,0.00028020937658138686
2069,0.00026959565117841454
2070,-6.55329871074639e-05
2071,4.841561072817565e-05
2072,-3.474795440707833e-05
2073,-8.158507330828135e-05
2074,5.0714727992981194e-05
2075,-4.530689525669036e-05
2076,-0.0001429077823011338
2077,-2.8662494588651153e-05
2078,8.814501775675317e-05
2079,0.0002974639068011656
2080,-3.2717070159696214e-05
2081,-2.667703824688825e-05
2082,-7.354856395789221e-05
2083,-0.00013002063789824262
2084,4.1201892846389135e-05
2085,-3.756492844720634e-05
2086,-0.0001124237845425169
2087,-6.281945498648909e-05
2088,-7.043400914074443e-05
2089,-0.00011535331978902887
2090,1.1750451204148933e-05
2091,-5.367968263346946e-05
2092,-0.00012743758709146682
2093,-0.00011162545216349301
2094,-0.00015492958946182673
2095,-9.618364880854116e-05
2096,3.2120331058511914e-05
2097,-2.9201052011024736e-05
2098,3.7305550657021796e-06
2099,8.586234036814418e-05
2100,0.00010724437514143509
2101,5.173664000534582e-05
2102,4.682617177420453e-05
2103,5.048019388486171e-05
2104,-3.047469635519959e-05
2105,-6.738256088295411e-05
2106,-0.00010811869365455819
2107,-6.372487258750692e-05
2108,4.686317422036959e-05
2109,1.4387514179126756e-05
2110,-1.0705043577613069e-05
2111,-8.088577544470625e-05
2112,2.8313617140963307e-05
2113,-4.152328547527363e-05
2114,5.5910472722427085e-05
2115,0.0001285451391810963
2116,0.00010452826743122269
2117,3.613026523522334e-05
2118,-4.322727947024676e-05
2119,3.341042844005499e-05
2120,7.565313021206357e-07
2121,6.493563393545438e-05
2122,6.790549639460368e-05
2123,-1.4867276633696719e-05
2124,-7.816373381217884e-05
2125,-1.044433960350142e-06
2126,5.7072743525925594e-05
2127,9.228904366847743e-06
2128,2.7335737161052586e-05
2129,7.207675450687635e-05
2130,4.254639305277129e-06
2131,-3.7199117665689686e-05
2132,5.5104031790306356e-05
2133,-1.1149814782335979e-05
2134,-5.2411762492572964e-05
2135,-7.767822309469025e-05
2136,-0.00010168394650601635
2137,-7.043400914074443e-05
2138,-0.00014032049143845103
2139,4.37964627266528e-05
2140,-1.5471719790460628e-05
2141,-7.001249451296114e-05
2142,-8.54088277091219e-05
2143,-6.372487258750692e-05
2144,2.112156268986685e-05
2145,9.129323395659099e-06
2146,8.793787705728558e-05
2147,0.00014684665078835223
2148,-3.778136487140329e-05
2149,-8.60151361113629e-05
2150,5.842082904772276e-05
2151,4.874696155989944e-05
2152,-2.082916257294657e-05
2153,-5.333362937309003e-05
2154,-0.0001164752482254239
2155,2.7556309838408692e-05
2156,-1.508048460174001e-05
2157,-2.5612451306882058e-05
2158,-4.6628210503324707e-05
2159,-5.2411762492572964e-05
2160,-1.497163976218057e-05
2161,-8.563884460898828e-06
2162,8.428625504572887e-05
2163,0.00012926228014579865
2164,0.00012575324882155634
2165,0.0001593459489959197
2166,-1.3982865848853494e-05
2167,6.767865506055929e-05
2168,0.0001266448772080946
2169,8.014729186781737e-05
2170,-1.8845203135319116e-05
2171,-6.867675335983214e-05
2172,1.591679830136243e-05
2173,-3.901720676488243e-05
2174,-2.882633028891058e-05
2175,-3.653859654761717e-05
2176,-4.7179408092318656e-05
2177,-3.653859654761717e-05
2178,6.377809848475282e-05
2179,0.00012054674416081493
2180,-3.606252975299578e-05
2181,-4.904699894686517e-05
2182,-2.69545192668654e-05
2183,-2.4039949206657768e-05
2184,7.012007190855111e-05
2185,-1.3520721394815648e-05
2186,-6.560359516465057e-05
2187,-9.365316953725462e-05
2188,-0.00012039937924488529
2189,-7.673709092290112e-05
2190,1.5914323263070416e-05
2191,-1.674806091442099e-05
2192,-8.704209046439621e-05
2193,-8.801707136678464e-05
2194,-9.12059625233177e-05
2195,-6.051408595379576e-05
2196,5.0852450412618613e-05
2197,-1.7584561930877816e-05
2198,-7.251180679882021e-05
2199,-0.00010479468227971294
2200,-5.1459594475459225e-05
2201,-5.805067323701833e-05
2202,-4.82056980964133e-05
2203,-5.635021389487428e-05
2204,-5.8184445267131126e-05
2205,5.199430440091838e-05
2206,1.650211531788639e-05
2207,-2.2550510604066074e-05
2208,-3.2975878552956596e-05
2209,-7.289498717235411e-05
2210,1.1731260048581315e-05
2211,1.5564070544200935e-05
2212,-6.163208427762387e-05
2213,-0.00010063081022079145
2214,-5.6929707937694025e-05
2215,-4.726751264371271e-05
2216,-5.956100052858547e-05
2217,-6.47855580430666e-05
2218,-6.527897942587753e-05
2219,-7.554879835288168e-05
2220,-7.772033790281794e-05
2221,-5.221282118966284e-05
2222,7.108238328895688e-05
2223,0.00016740244070923121
2224,0.00014578214979378085
2225,8.82491821327681e-05
2226,6.57892242865105e-05
2227,2.3619013236364392e-05
2228,3.123243996649414e-05
2229,3.5239063004301774e-05
2230,-8.563884460898828e-06
2231,8.124871506728232e-05
2232,0.0001571140854105428
2233,3.7958060150843546e-05
2234,-3.292168501679937e-05
2235,3.701664029446509e-05
2236,-3.630653461643842e-05
2237,-5.57457703917017e-05
2238,4.8632286373186196e-05
2239,-2.8315581492028512e-05
2240,-5.5004850432276985e-05
2241,9.58381253771874e-05
2242,0.0003213525243163023
2243,0.00028951663436503465
2244,0.00015306617058172403
2245,9.023959861372069e-05
2246,6.347341959863487e-05
2247,3.614581975098034e-05
2248,7.935197005870106e-05
2249,-3.1098396727092475e-05
2250,-2.068305614531851e-05
2251,7.613139507943464e-05
2252,0.00020589744150984206
2253,0.0002190931209623945
2254,-0.00010897391744477395
2255,1.321090388013144e-05
2256,2.0423761418381867e-05
2257,9.726349913434057e-05
2258,1.2375878182939531e-05
2259,-0.0001222683154109417
2260,3.249294698293347e-05
2261,8.381237789441616e-05
2262,0.0001236930677043369
2263,0.00015649720852595978
2264,0.00012872166315742594
2265,0.00013518673378436685
2266,6.39142762479341e-05
2267,1.5481086512143132e-05
2268,2.3361836250223642e-05
2269,-5.53041492008157e-05
2270,5.3252488808090505e-05
2271,-8.875277464773212e-05
2272,-0.00013878995053087106
2273,-6.12130276998105e-05
2274,-6.979841943159605e-05
2275,-6.963817273664798e-05
2276,-0.00015219289858211567
2277,2.15676640669157e-05
2278,-2.5667974034118044e-05
2279,-9.06274322293021e-05
2280,1.7258499307073417e-06
2281,6.644489377065143e-05
2282,-5.367968263346946e-05
2283,-1.1013482617149835e-05
2284,4.0212659210157395e-05
2285,3.280704424468928e-05
2286,-7.392039995599304e-05
2287,-0.0001244500265626727
2288,-8.965700292696503e-05
2289,-8.41463516563021e-05
2290,5.4806349963817294e-05
2291,-5.3787002737641363e-05
2292,-0.00011529653153097172
2293,7.24334604962725e-05
2294,0.00012511981049456757
2295,1.889163828096985e-05
2296,-5.569527741034645e-05
2297,2.7168814232162103e-05
2298,6.847654820083668e-05
2299,4.4122574390815925e-05
2300,5.3289648157406576e-05
2301,-6.262105814329494e-05
2302,-0.00010374525251093591
2303,-7.208081701002401e-05
2304,-6.193518891062649e-05
2305,-4.587954677343507e-05
2306,-7.03205681564845e-05
2307,-7.63893215118997e-05
2308,-1.0575911294184504e-05
2309,-2.3182808062962828e-05
2310,-4.54998781877402e-06
2311,-5.905448363848942e-05
2312,-8.211508745762932e-05
2313,5.843205313732765e-06
2314,-6.818934179533624e-05
2315,5.055005370856059e-05
2316,-2.753474811493641e-05
2317,-5.8846509641114783e-05
2318,-5.282227895917353e-05
2319,-3.946999275531004e-05
2320,2.9634720286749276e-05
2321,-1.4476194296154886e-05
2322,9.033182886469442e-05
2323,2.2098012727974085e-05
2324,-6.155100029258427e-05
2325,8.089941481379459e-05
2326,0.00011833157083444954
2327,0.00013821885893468307
2328,0.00018816673393932048
2329,0.0002715208761314361
2330,7.471019673561031e-05
2331,1.633638923329972e-05
2332,8.111133509423113e-05
2333,0.00016498752117574152
2334,0.00021152981350182204
2335,2.4727908847223702e-05
2336,5.705415473376475e-05
2337,0.000127240462944083
2338,0.00018177302048398046
2339,2.5547265467874863e-05
2340,-0.00012306505416075008
2341,-7.6420140767055e-05
2342,5.960214990846751e-05
2343,0.00013215664520050264
2344,0.00021605315296504524
2345,0.00027423361680534197
2346,0.00011602401815169866
2347,7.260165846521484e-05
2348,2.9066303357720216e-05
2349,5.918676363267626e-05
2350,0.00014866601042717083
2351,0.00012034649565151426
2352,8.823527541337373e-05
2353,0.0001952038272885303
2354,0.00013200479469435589
2355,-1.60430593357614e-05
2356,4.803055106669157e-05
2357,2.4068525194385554e-05
2358,-0.00011508771923606105
2359,4.948627213719234e-05
2360,2.5926134746063678e-05
2361,-4.500625192024091e-05
2362,-8.60974767930559e-05
2363,-0.00011511500551577388
2364,-7.30054629643876e-05
2365,-4.405650443567971e-06
2366,8.492514685562014e-05
2367,0.00010043057826459876
2368,2.190027171582795e-05
2369,-8.014932381480938e-05
2370,-0.00010951539012779475
2371,5.5285256549523525e-05
2372,0.00010988328945928269
2373,-6.579121763365373e-05
2374,5.302401726402572e-05
2375,7.659836275835808e-05
2376,1.466420425265697e-06
2377,9.327515220493896e-05
2378,0.00010385169352979062
2379,-2.6331494461658432e-05
2380,6.555729654320534e-05
2381,9.57185473923689e-05
2382,0.0002589393710429105
2383,0.0002119999143802673
2384,-5.768120609765495e-05
2385,-0.00014193478927599802
2386,2.8734826370837847e-05
2387,0.00014644677539737614
2388,0.0002495296739735322
2389,-3.69387579272707e-05
2390,-0.00010909755280368964
2391,-9.827011641651852e-05
2392,7.086785965766811e-05
2393,2.766467199752236e-05
2394,-5.978052232701008e-05
2395,7.305344259280061e-06
2396,9.687331630773134e-05
2397,8.395073139025186e-05
2398,-9.282773377672308e-05
2399,-0.0001332656277628641
2400,-0.00011042515299851298
2401,-0.00011812850415526494
2402,-7.476090484923347e-05
2403,-0.00014032049143845103
2404,-7.476090484923347e-05
2405,-4.290564845946941e-05
2406,-9.06274322293021e-05
2407,9.616048388055453e-06
2408,-6.0614665264790995e-05
2409,-0.00011502778137752656
2410,-0.00014531481574053454
2411,-9.630843749036963e-05
2412,-6.50307565845375e-05
2413,-0.00011699739695031229
2414,1.6587945006623097e-05
2415,-5.026326228641608e-05
2416,-7.53053876732032e-05
2417,-6.631345963631515e-05
2418,9.099469596604398e-05
2419,5.555968908805534e-05
2420,-7.765228266558446e-05
2421,2.319761322597687e-05
2422,-5.026464815962461e-05
2423,5.28150246611389e-05
2424,0.0001445835121732676
2425,-4.975139833152756e-05
2426,4.972976284146083e-05
2427,-5.408122922926607e-05
2428,5.960214990846751e-05
2429,5.1937862614918475e-05
2430,-4.518086240335154e-05
2431,-0.00010875938046230076
2432,-0.00011092970365899561
2433,-0.00010265996956391235
2434,-0.0001272394052868768
2435,-6.276329909223679e-05
2436,1.3162284099604443e-05
2437,-0.00011669180710557793
2438,-1.270328853021736e-05
2439,0.00011490747116800293
2440,-5.6530440562695066e-05
2441,-0.00010377162574410433
2442,-7.637208026324628e-05
2443,6.323889103896691e-05
2444,-2.8078996451743066e-05
2445,-5.229397620843365e-05
2446,-8.476480705813574e-05
2447,-0.00013625789017846732
2448,5.123750156861043e-05
2449,2.0109619602663542e-05
2450,0.00010195185575298612
2451,4.590702522802901e-05
2452,8.340425937404182e-05
2453,0.00013176295223234848
2454,-1.034509874835237e-06
2455,-6.082093131561929e-05
2456,7.81161743781362e-05
2457,0.0001469363836215022
2458,-5.5968849745243384e-05
2459,-0.0001364524632049106
2460,-0.00016893139659848012
2461,-2.2437638489247024e-05
2462,0.00010166866234067027
2463,7.717698485285733e-05
2464,-1.4351249114149622e-05
2465,-6.781834268586698e-05
2466,6.796452760179159e-05
2467,0.00020452581690651454
2468,-9.409394731427989e-06
2469,8.219150009222741e-05
2470,0.0001250987855560676
2471,1.0585994984823251e-06
2472,-4.1441228976114e-05
2473,2.378761707303435e-05
2474,-7.043400914074443e-05
2475,3.79936133159294e-06
2476,5.294160968211204e-06
2477,-4.491071502437837e-05
2478,7.159359685325214e-05
2479,7.664217296269895e-05
2480,9.197998091308755e-05
2481,0.00017689429111202303
2482,0.00011181067822763854
2483,0.00013749239341031606
2484,0.0001112750806506525
2485,0.00014066484706527896
2486,0.0001436138516153582
2487,0.00014815973615586
2488,9.055803706354865e-05
2489,0.000133421314129244
2490,4.684453877636308e-05
2491,-8.355729900072583e-05
2492,-7.199866053405025e-05
2493,-6.454361703756396e-05
2494,-6.173568335246307e-05
2495,-0.0001329198058746727
2496,-6.790846586583206e-05
2497,-0.00013878995053087106
2498,-0.00010799096539223649
2499,-7.897953352506434e-05
2500,3.1942102990076984e-05
2501,8.478137918047147e-05
2502,9.246327114380176e-05
2503,3.3664688173782345e-05
2504,-3.0737714303427816e-05
2505,-5.9068179394531176e-05
2506,-1.5039010518059312e-05
2507,2.5593529222048756e-05
2508,-1.7241296926235986e-05
2509,7.493062351119292e-05
2510,-5.216253617029512e-05
2511,-0.00011127599418752066
2512,-4.904685120643976e-05
2513,5.751589063189881e-05
2514,3.879126148092249e-05
2515,4.818331335217688e-06
2516,-2.7677990061512963e-05
2517,-7.043400914074443e-05
2518,1.9954774189926186e-05
2519,-6.156261881531734e-05
2520,5.2990707452160675e-05
2521,9.805172963205959e-05
2522,-2.7186560390707922e-05
2523,7.661699090199337e-05
2524,-5.53041492008157e-05
2525,-9.67150035568861e-05
2526,-0.00011441978022770196
2527,4.345509857148626e-06
2528,0.00019383484617205133
2529,0.00023706353821437718
2530,9.543729261976444e-05
2531,0.00011713042619501974
2532,0.0001879050924940932
2533,7.912285489355282e-06
2534,5.217280592724624e-05
2535,8.261681749811247e-05
2536,0.00010149843235129867
2537,6.952075676387055e-05
2538,-6.070147049303147e-05
2539,6.679337854780758e-05
2540,0.00017640798515952138
2541,1.1239357940819842e-05
2542,-4.801168614995764e-05
2543,6.644762532937846e-05
2544,0.00012362237869539163
2545,8.089462954918911e-05
2546,9.412822885793613e-05
2547,-4.044695753650454e-05
2548,1.11331112724435e-05
2549,-7.252588318940738e-05
2550,-0.0001410608256204914
2551,-9.93284589578453e-05
2552,-4.3124423624819505e-06
2553,-3.061832895803615e-05
2554,8.67910603484144e-06
2555,-5.367968263346946e-05
2556,-5.319465061465167e-05
2557,-7.192393133289188e-05
2558,-6.325603174584072e-05
2559,-0.00012642630784896123
2560,-2.9891635988951514e-05
2561,-6.094643305057961e-05
2562,-0.00018639336255995092
2563,-8.123867050335452e-05
2564,-0.0001690168166549793
2565,9.795457610413279e-06
2566,-4.760804449022228e-05
2567,-0.00015492958946182673
2568,-8.812265747213852e-05
2569,-0.00015492958946182673
2570,-0.00010353486847357257
2571,-1.0938415638689732e-05
2572,4.5685011834709306e-05
2573,-4.6332272925302126e-05
2574,-1.1144905355907892e-05
2575,-1.1402288233519748e-05
2576,-1.8179341699921447e-05
2577,-3.193426230268714e-05
2578,-2.9318442449832044e-05
2579,5.314820935836303e-05
2580,1.1718826583950905e-05
2581,-6.193518891062649e-05
2582,-0.00014515392670573382
2583,1.3797140505411065e-05
2584,3.7021132415925e-05
2585,1.0970834451488686e-05
2586,-6.011939118046627e-05
2587,5.8464272655100145e-05
2588,0.000123075740932302
2589,0.00013771709476717136
2590,1.0928701016680676e-05
2591,7.890818281582907e-05
2592,1.7774738157568903e-05
2593,-8.558805947190057e-05
2594,5.3608718624560235e-05
2595,-1.871959017249188e-05
2596,-0.00010735186316805927
2597,6.465497213390533e-06
2598,-6.707697224960844e-06
2599,9.526924619283391e-05
2600,0.00015671803694544437
2601,5.959804949028476e-05
2602,7.432706917945738e-05
2603,-1.1194261799305868e-05
2604,4.5688032153772666e-05
2605,3.218251140701417e-05
2606,3.444322660020532e-05
2607,0.00010124727581693417
2608,-5.4240333828370914e-05
2609,-0.00010163530146437425
2610,3.319663065156599e-05
2611,4.913898247502382e-05
2612,-3.029918695275439e-05
2613,-6.166059864709032e-05
2614,-7.251180679882021e-05
2615,-3.136858598366381e-05
2616,7.58561087505436e-05
2617,0.00014134578182817758
2618,0.00011286361651455191
2619,-7.381218110030225e-05
2620,6.820990675884138e-05
2621,7.709679325205264e-05
2622,0.00011768794777027631
2623,2.207614831580503e-05
2624,8.323803406564957e-06
2625,4.595122701134351e-06
2626,0.00035907410096474625
2627,0.00029283096164941207
2628,0.0003821706191760168
2629,0.000525373247597851
2630,0.0006649559205529593
2631,0.0005609565529774976
2632,0.0008202666209767676
2633,6.38114405094312e-05
2634,-0.00013120878929027616
2635,2.517199770604505e-05
2636,0.0002214216435239996
2637,0.00033304431502847645
2638,0.00016631271557154644
2639,-5.055844872944316e-05
2640,2.2384835805994467e-05
2641,-3.086560052639399e-05
2642,2.6177423267253607e-05
2643,-5.4455407510372844e-05
2644,2.586454727027172e-05
2645,0.00013085080406533798
2646,-4.769756098147973e-05
2647,-0.00019979544147994565
2648,-5.7668659899765214e-05
2649,-3.47977056656762e-06
2650,-7.830873512826098e-05
2651,-0.00013843630586676722
2652,-0.00019896796776102234
2653,-0.00010983639890343784
2654,4.2344863451259954e-05
2655,0.00015948538171283374
2656,0.00023886376656143764
2657,0.00011988412199672477
2658,-4.8209409286214646e-05
2659,-8.960061547433764e-05
2660,-3.056170483463021e-05
2661,3.1150372506346615e-05
2662,5.660969084469122e-05
2663,-5.040951019629017e-05
2664,-8.963552052957787e-05
2665,4.723837617369301e-05
2666,8.837255296251669e-05
2667,0.0001906638845980131
2668,0.00011393012966863155
2669,0.00019220923885369153
2670,9.106094191064686e-05
2671,4.2616768727775784e-05
2672,-2.826520870513001e-05
2673,5.1294480607566874e-05
2674,7.800038174900174e-05
2675,4.4925586377439166e-05
2676,-6.423763866077443e-05
2677,-6.666385014297896e-05
2678,-0.00010626959344779815
2679,-0.00012797792549262087
2680,4.2659033210244585e-05
2681,-4.1844835917492006e-05
2682,6.504606808299977e-05
2683,0.00011743634803610771
2684,9.241179958339816e-05
2685,0.00010546998311159416
2686,0.00010274571521694622
2687,0.00010226606730882785
2688,0.0001354632846425472
2689,0.00022127680453284232
2690,-3.652959566470215e-05
2691,6.589182607732144e-05
2692,0.00010331574331873771
2693,0.00018975946515370425
2694,0.00013357899877407048
2695,2.7699504214355056e-06
2696,0.00028983386834545
2697,0.0004032569988350188
2698,0.00026582740294204036
2699,0.00015136025560349832
2700,-4.191248433682873e-05
2701,-0.00011698722542502348
2702,-8.593692869037119e-05
2703,3.6120775419062564e-05
2704,8.905292099647505e-05
2705,0.00016757386560256816
2706,6.272911947963533e-05
2707,8.373714110454192e-05
2708,2.0402036222488976e-05
2709,-0.00021232869283201682
2710,-0.00019415340783549546
2711,5.153510054601657e-05
2712,-0.0001399262808880201
2713,-0.00023869700446414822
2714,0.00010297326476456633
2715,0.00011066299592846922
2716,-2.8605273370492948e-05
2717,-0.0001631853585286685
2718,1.1584494626029268e-06
2719,0.0001573069392023495
2720,0.00024848217785539795
2721,0.0005796196956519756
2722,0.0001764821694910346
2723,-0.00011870702649780547
2724,-0.00014817652816814033
2725,2.517481635742312e-05
2726,-4.8863649772272e-05
2727,-0.00011757288242185934
2728,-0.00013990540248406136
2729,-9.087392509607119e-06
2730,0.00011858347765022823
2731,2.3593997174898327e-05
2732,-0.00019649487860929282
2733,0.00037730291020600756
2734,-5.703847851933977e-05
2735,-5.907711960083241e-05
2736,1.7827149004907948e-05
2737,0.00016512863212494967
2738,3.266356350912939e-05
2739,-2.1939182069532785e-05
2740,-9.803950906803413e-05
2741,-1.8756274747714578e-05
2742,-0.00012119072400156733
2743,-7.249314215411594e-05
2744,-0.00014816276122455227
2745,-9.400261824466968e-05
2746,-0.00012114314018193048
2747,2.0072134710631183e-05
2748,0.0001167612349538834
2749,0.00012646344350412318
2750,1.1743693170819408e-05
2751,-0.0001266832671880756
2752,-7.964010647831774e-05
2753,-2.159826241190639e-06
2754,-4.518086240335154e-05
2755,-2.3757620072935597e-06
2756,-4.118342370158907e-05
2757,4.551341199345666e-05
2758,4.806047798599123e-05
2759,-4.921877810934819e-05
2760,-6.576194421169731e-05
2761,-7.043400914074443e-05
2762,4.99065310411496e-05
2763,8.467632874663662e-05
2764,9.038624173460464e-05
2765,8.838522301360815e-06
2766,-5.901464687329879e-05
2767,5.315028004828353e-05
2768,8.014729186781737e-05
2769,5.2838626772236845e-05
2770,8.045525482396255e-05
2771,0.00015063892299295957
2772,0.0001294149126813651
2773,-8.078044243327159e-05
2774,-5.2118967379302306e-05
2775,6.901063032057687e-05
2776,8.773312249327284e-05
2777,-3.272286329443872e-05
2778,-0.00011185548823034043
2779,-7.966283054324827e-05
2780,-0.00012612618918561341
2781,-0.0001021908093106964
2782,1.1867204352560774e-05
2783,-2.826094131345546e-05
2784,-7.870530044101697e-05
2785,-5.987871248777327e-05
2786,-5.9718249549699305e-05
2787,9.099469596604398e-05
2788,0.00016118080745022577
2789,0.00013206861058361622
2790,-8.701050985121852e-05
2791,5.5983877153649535e-05
2792,0.00010365144110273205
2793,7.98034563052941e-05
2794,-3.0706162501207214e-06
2795,6.646784013630528e-05
2796,0.00017132377076163334
2797,8.619940879948483e-05
2798,-5.6312640966842976e-05
2799,-0.00012743758709146682
2800,-0.0001232133996361917
2801,2.5122024117100865e-05
2802,0.00011491321507319537
2803,0.00012210365862484223
2804,5.174634322722815e-06
2805,-8.35466396165571e-05
2806,-0.00011099302944221814
2807,6.064383811511509e-05
2808,7.922538596566003e-05
2809,-2.082916257294657e-05
2810,-8.166647027798372e-05
2811,-0.00014710807180420114
2812,-2.6380690661985524e-05
2813,-6.843645177270111e-05
2814,8.035258346832652e-06
2815,-4.7702753403901906e-05
2816,7.239819489594952e-05
2817,-3.7913073604584695e-05
2818,-0.00010891523178414236
2819,-0.00012821553770471167
2820,-7.396506844513702e-05
2821,-5.487223221202399e-06
2822,5.98764334519779e-05
2823,-5.4240333828370914e-05
2824,1.9388222399816067e-05
2825,-2.662725807906774e-05
2826,-5.287066341791361e-05
2827,-4.186947024688845e-05
2828,5.2086301022658715e-06
2829,-3.7523577994393144e-05
2830,-6.336445508623584e-05
2831,2.3315091762581372e-05
2832,-3.475032864057032e-05
2833,-4.882389684586236e-05
2834,-7.250368343990709e-05
2835,-9.862171721480303e-05
2836,6.463508916625802e-05
2837,2.829280452753993e-05
2838,0.00010273615007721776
2839,0.00010123022750307209
2840,-2.082916257294657e-05
2841,-8.342481285885537e-06
2842,-5.425197752285804e-05
2843,-6.335445460833052e-05
2844,-7.889146627412936e-05
2845,-0.00010538045479923116
2846,-0.00015525512787332904
2847,-1.0631141295663131e-05
2848,-3.265499655876763e-05
